slug,short_name,full_name,logo_status,logo,source_page,source_url,review_note
"abvmu-cahet","CAHET","Common Allied Healthcare Entrance Test","official_source_reviewed","/exam-logos/official-v1/7974ac35d33421f299270a95.webp","https://www.abvmuup.edu.in/admission-paramedical.php","https://www.abvmuup.edu.in/assets/images/emblem-dark.png",""
"abvmu-cnet","CNET","Common Nursing Entrance Test","official_source_reviewed","/exam-logos/official-v1/7974ac35d33421f299270a95.webp","https://www.abvmuup.edu.in/admission-paramedical.php","https://www.abvmuup.edu.in/assets/images/emblem-dark.png",""
"anu-pgcet","ANU PGCET","Acharya Nagarjuna University Post Graduate Common Entrance Test","existing_catalog_mark","https://aws-origin.dekhocampus.com/storage/v1/object/public/legacy-public-assets/sanitized/bottom-12-v1/a2/a22b1056cbdbf8a7819dd93e08966da59edef387ad8c9c2fb56a9c9e9c66a6aa.webp","","https://aws-origin.dekhocampus.com/storage/v1/object/public/legacy-public-assets/sanitized/bottom-12-v1/a2/a22b1056cbdbf8a7819dd93e08966da59edef387ad8c9c2fb56a9c9e9c66a6aa.webp",""
"iai-acet","IAI ACET","Actuarial Common Entrance Test","official_source_reviewed","/exam-logos/official-v1/4036574d0e9b60410a880e7e.webp","https://actuariesindia.org/acet","https://actuariesindia.org/themes/iai/images/logo.png",""
"aeee","AEEE","Amrita Entrance Examination - Engineering (AEEE)","official_source_reviewed","/exam-logos/official-v1/3498f605b727cbdfb79fbe0a.webp","https://aeee.amrita.edu/","https://webfiles.amrita.edu/2024/04/ZvmNQEuB-amrita-vishwa-vidyapeetham-university-logo-white-version.svg",""
"afcat","AFCAT","Air Force Common Admission Test","existing_catalog_mark","https://aws-origin.dekhocampus.com/storage/v1/object/public/legacy-public-assets/sanitized/bottom-12-v1/73/7316ee188718c21dbc07a28620ec53b92088a19e1a8f780514acf0d8c9619485.webp","","https://aws-origin.dekhocampus.com/storage/v1/object/public/legacy-public-assets/sanitized/bottom-12-v1/73/7316ee188718c21dbc07a28620ec53b92088a19e1a8f780514acf0d8c9619485.webp",""
"agniveervayu","Agniveervayu","Indian Air Force Agniveervayu Selection Test","unresolved","","","","Official recruitment site returned HTTP 503; alternate Indian Air Force host timed out. No verified downloadable mark."
"ap-agricet","AGRICET","ANGRAU Agriculture Common Entrance Test","official_source_reviewed","/exam-logos/official-v1/21dc29c965e8bd7f4a9acc75.webp","https://angrauagricet.aptonline.in/AGRICET/AGRICET_HomePage","https://angrauagricet.aptonline.in/images/ANGRAU.jpg",""
"aiapget","AIAPGET","All India Ayush Post Graduate Entrance Test","official_source_reviewed","/exam-logos/official-v1/79ccf53f16e85a28a9b90286.webp","https://nta.ac.in/cuetexam","https://nta.ac.in/img/NTA_logo.png",""
"aibe","AIBE","All India Bar Examination XXI","official_source_reviewed","/exam-logos/official-v1/d3b71c381647517054985df3.webp","https://www.allindiabarexamination.com/","https://www.allindiabarexamination.com/images/logo-2.png",""
"aiims-bsc-nursing","AIIMS B.Sc. Nursing","AIIMS B.Sc. (Hons.) Nursing Entrance Examination","official_source_reviewed","/exam-logos/official-v1/f9b12d45fa2829cd8282bff2.webp","https://aiimsexams.ac.in/","https://aiimsexams.ac.in/_next/image?url=%2F_next%2Fstatic%2Fmedia%2Faiims_logo.37b13df2.webp&w=256&q=75",""
"aiims-bsc-nursing-post-basic","AIIMS Post-Basic Nursing","AIIMS B.Sc. Nursing Post-Basic Entrance Examination","official_source_reviewed","/exam-logos/official-v1/f9b12d45fa2829cd8282bff2.webp","https://aiimsexams.ac.in/","https://aiimsexams.ac.in/_next/image?url=%2F_next%2Fstatic%2Fmedia%2Faiims_logo.37b13df2.webp&w=256&q=75",""
"aiims-bsc-paramedical","AIIMS B.Sc. Paramedical","AIIMS B.Sc. Allied and Health Care / Paramedical Entrance Examination","official_source_reviewed","/exam-logos/official-v1/f9b12d45fa2829cd8282bff2.webp","https://aiimsexams.ac.in/","https://aiimsexams.ac.in/_next/image?url=%2F_next%2Fstatic%2Fmedia%2Faiims_logo.37b13df2.webp&w=256&q=75",""
"aiims-msc-nursing","AIIMS M.Sc. Nursing","AIIMS Master of Science Nursing Entrance Examination","official_source_reviewed","/exam-logos/official-v1/f9b12d45fa2829cd8282bff2.webp","https://aiimsexams.ac.in/","https://aiimsexams.ac.in/_next/image?url=%2F_next%2Fstatic%2Fmedia%2Faiims_logo.37b13df2.webp&w=256&q=75",""
"ailet","AILET","All India Law Entrance Test","official_source_reviewed","/exam-logos/official-v1/b11ab4a1df56336b391defca.webp","https://nludelhi.ac.in/","https://nludelhi.ac.in/wp-content/uploads/2024/04/NLUD-Big-Logo.png",""
"aima-ugat","AIMA UGAT","AIMA Under Graduate Aptitude Test","official_source_reviewed","/exam-logos/official-v1/8b2c277b0c1419494158d6da.webp","https://www.aima.in/content/testing-and-assessment/ugat/information-to-candidates-for-ugat","https://www.aima.in/img/logo.png",""
"air-force-common-admission-test","AFCAT","Air Force Common Admission Test","existing_catalog_mark","https://aws-origin.dekhocampus.com/storage/v1/object/public/legacy-public-assets/sanitized/bottom-12-v1/73/7316ee188718c21dbc07a28620ec53b92088a19e1a8f780514acf0d8c9619485.webp","","https://aws-origin.dekhocampus.com/storage/v1/object/public/legacy-public-assets/sanitized/bottom-12-v1/73/7316ee188718c21dbc07a28620ec53b92088a19e1a8f780514acf0d8c9619485.webp",""
"amecet","AMECET","Aircraft Maintenance Engineering Common Entrance Test","official_source_reviewed","/exam-logos/official-v1/b9d2d6b412cfed840e2e51e7.webp","https://www.amecet.in/","https://www.amecet.in/images/logo.png",""
"amulee","AMULEE","Aligarh Muslim University Law Entrance Exam","official_source_reviewed","/exam-logos/official-v1/f7d913d8033f60645940d53c.webp","https://www.amucontrollerexams.com/","https://www.amucontrollerexams.com/images/logo_nav.png",""
"aieed","AIEED","All India Entrance Examination for Design","official_source_reviewed","/exam-logos/official-v1/67df086253828e8d5b581275.webp","https://www.aieed.com/","https://www.aieed.com/images/arch-logo-2026.png",""
"allahabad-university-pgat","Allahabad University PGAT","Allahabad University Post Graduate Admission Test","official_source_reviewed","/exam-logos/official-v1/c7da75d98df1dfb220401961.webp","https://www.allduniv.ac.in/p/714/studentResult","https://www.allduniv.ac.in/assets/frontend/img/home/au_logo.png",""
"act","ACT","American College Testing","official_source_reviewed","/exam-logos/official-v1/d75071641448d928d70829b6.webp","https://www.act.org/content/act/en/products-and-services/the-act/registration/test-dates.html","https://www.act.org/etc/designs/act/clientlibs/act-base/img/logo-act-blue-300.png",""
"amity-jee","AMITY JEE","AMITY JEE","official_source_reviewed","/exam-logos/official-v1/d42ef28e2a5f52fa92b3a44c.webp","https://www.amity.edu/amityjee","https://www.amity.edu/images/logo.png",""
"amu-ba-llb","AMU B.A. LL.B.","Aligarh Muslim University B.A. LL.B. Admission Test","official_source_reviewed","/exam-logos/official-v1/f7d913d8033f60645940d53c.webp","https://www.amucontrollerexams.com/","https://www.amucontrollerexams.com/images/logo_nav.png",""
"amu-bed","AMU B.Ed","Aligarh Muslim University Bachelor of Education Admission Test","official_source_reviewed","/exam-logos/official-v1/f7d913d8033f60645940d53c.webp","https://www.amucontrollerexams.com/","https://www.amucontrollerexams.com/images/logo_nav.png",""
"amu-mba","AMU MBA","Aligarh Muslim University MBA Admission Test","official_source_reviewed","/exam-logos/official-v1/f7d913d8033f60645940d53c.webp","https://www.amucontrollerexams.com/","https://www.amucontrollerexams.com/images/logo_nav.png",""
"amueee","AMUEEE","Aligarh Muslim University Engineering Entrance Examination","official_source_reviewed","/exam-logos/official-v1/f7d913d8033f60645940d53c.webp","https://www.amucontrollerexams.com/","https://www.amucontrollerexams.com/images/logo_nav.png",""
"ap-adcet","AP ADCET","Andhra Pradesh Art and Design Common Entrance Test","official_source_reviewed","/exam-logos/official-v1/9b1a2a49e097bdf6a0a92727.webp","https://cets.apsche.ap.gov.in/ADCET/","https://cets.apsche.ap.gov.in/APSCHE/images/ApscheLogoNew.png",""
"ap-rcet","AP RCET","Andhra Pradesh Research Common Entrance Test","official_source_reviewed","/exam-logos/official-v1/9b1a2a49e097bdf6a0a92727.webp","https://cets.apsche.ap.gov.in/ADCET/","https://cets.apsche.ap.gov.in/APSCHE/images/ApscheLogoNew.png",""
"aprjc","APRJC","Andhra Pradesh Residential Junior College Common Entrance Test","existing_catalog_mark","https://aws-origin.dekhocampus.com/storage/v1/object/public/legacy-public-assets/sanitized/bottom-12-v1/24/2480759f16ea521616760ee5824fbbe2810cfc15dba4e14f72e0bf2914733ecb.webp","","https://aws-origin.dekhocampus.com/storage/v1/object/public/legacy-public-assets/sanitized/bottom-12-v1/24/2480759f16ea521616760ee5824fbbe2810cfc15dba4e14f72e0bf2914733ecb.webp",""
"aprdc","APRDC","Andhra Pradesh Road Development Corporation","existing_catalog_mark","https://aws-origin.dekhocampus.com/storage/v1/object/public/legacy-public-assets/sanitized/bottom-12-v1/59/5950448493702d01e5df1055d65e5c0797fd86ee2967ad8025ae4d52f43f434d.webp","","https://aws-origin.dekhocampus.com/storage/v1/object/public/legacy-public-assets/sanitized/bottom-12-v1/59/5950448493702d01e5df1055d65e5c0797fd86ee2967ad8025ae4d52f43f434d.webp",""
"andhra-pradesh-state-eligibility-test","APSET","Andhra Pradesh State Eligibility Test","official_source_reviewed","/exam-logos/official-v1/e6a640aa7125cb1d2894af34.webp","https://www.apset.net.in/","https://www.apset.net.in/_next/image?url=%2Fimages%2Fap-logo.png&w=128&q=75",""
"aucet","AUCET","Andhra University Common Entrance Test","official_source_reviewed","/exam-logos/official-v1/0f657a3c8a2deaee5d61d791.webp","https://audoa.andhrauniversity.edu.in/","https://audoa.andhrauniversity.edu.in/images/AULogo.png",""
"ap-deecet","AP DEECET","Andhra Pradesh Diploma in Elementary Education Common Entrance Test","official_source_reviewed","/exam-logos/official-v1/a3bb7f3781b17551aa202f6a.webp","https://apdeecet.apcfss.in/","https://apdeecet.apcfss.in/img/deptlogo.png",""
"ap-eamcet","AP EAPCET","Andhra Pradesh Engineering, Agriculture and Pharmacy Common Entrance Test","official_source_reviewed","/exam-logos/official-v1/9b1a2a49e097bdf6a0a92727.webp","https://cets.apsche.ap.gov.in/ADCET/","https://cets.apsche.ap.gov.in/APSCHE/images/ApscheLogoNew.png",""
"ap-ecet","AP ECET","Andhra Pradesh Engineering Common Entrance Test","official_source_reviewed","/exam-logos/official-v1/74e1ff7a3ac188fb34375b80.webp","https://cets.apsche.ap.gov.in/ECET/ECET/ECET_HomePage","https://cets.apsche.ap.gov.in/ECET/images/APECET2026_JNTUA_LOGO.png",""
"ap-edcet","AP EDCET","Andhra Pradesh Education Common Entrance Test","official_source_reviewed","/exam-logos/official-v1/4a61c4c6df6dcd9b2c78c75a.webp","https://cets.apsche.ap.gov.in/ECET/ECET/ECET_HomePage","https://cets.apsche.ap.gov.in/ECET/images/APSCHELogoNew.png",""
"ap-icet","AP ICET","Andhra Pradesh Integrated Common Entrance Test","official_source_reviewed","/exam-logos/official-v1/9b1a2a49e097bdf6a0a92727.webp","https://cets.apsche.ap.gov.in/ADCET/","https://cets.apsche.ap.gov.in/APSCHE/images/ApscheLogoNew.png",""
"ap-lawcet","AP LAWCET","Andhra Pradesh Law Common Entrance Test","official_source_reviewed","/exam-logos/official-v1/4a61c4c6df6dcd9b2c78c75a.webp","https://cets.apsche.ap.gov.in/ECET/ECET/ECET_HomePage","https://cets.apsche.ap.gov.in/ECET/images/APSCHELogoNew.png",""
"ap-pecet","AP PECET","Andhra Pradesh Physical Education Common Entrance Test","official_source_reviewed","/exam-logos/official-v1/9b1a2a49e097bdf6a0a92727.webp","https://cets.apsche.ap.gov.in/ADCET/","https://cets.apsche.ap.gov.in/APSCHE/images/ApscheLogoNew.png",""
"ap-pgcet","AP PGCET","Andhra Pradesh Post Graduate Common Entrance Tests","official_source_reviewed","/exam-logos/official-v1/9b1a2a49e097bdf6a0a92727.webp","https://cets.apsche.ap.gov.in/ADCET/","https://cets.apsche.ap.gov.in/APSCHE/images/ApscheLogoNew.png",""
"ap-pgecet","AP PGECET","Andhra Pradesh Post Graduate Engineering Common Entrance Test","official_source_reviewed","/exam-logos/official-v1/9b1a2a49e097bdf6a0a92727.webp","https://cets.apsche.ap.gov.in/ADCET/","https://cets.apsche.ap.gov.in/APSCHE/images/ApscheLogoNew.png",""
"ap-pglcet","AP PGLCET","Andhra Pradesh Post Graduate Law Common Entrance Test","official_source_reviewed","/exam-logos/official-v1/4a61c4c6df6dcd9b2c78c75a.webp","https://cets.apsche.ap.gov.in/ECET/ECET/ECET_HomePage","https://cets.apsche.ap.gov.in/ECET/images/APSCHELogoNew.png",""
"ap-polycet","AP POLYCET","Andhra Pradesh Polytechnic Common Entrance Test","unresolved","","","","Catalog host did not resolve and alternate AP POLYCET host returned HTTP 503. Official exam-specific mark remains unverified."
"appsc-group-1","APPSC Group I","Andhra Pradesh Public Service Commission Group-I Services Examination","official_source_reviewed","/exam-logos/official-v1/942b689911f09730fce17f79.webp","https://psc.ap.gov.in/","https://psc.ap.gov.in/images/logonew.png",""
"apset","APSET","Andhra Pradesh State Eligibility Test","official_source_reviewed","/exam-logos/official-v1/e6a640aa7125cb1d2894af34.webp","https://www.apset.net.in/","https://www.apset.net.in/_next/image?url=%2Fimages%2Fap-logo.png&w=128&q=75",""
"aifd-wat","AIFD WAT","Army Institute of Fashion & Design Written Admission Test","official_source_reviewed","/exam-logos/official-v1/43ead7c02d6286d757435a15.webp","https://www.aifd.edu.in/","https://www.aifd.edu.in/img/army-fashion-design-logo.svg",""
"ail-let","AIL LET","Army Institute of Law Entrance Test","official_source_reviewed","/exam-logos/official-v1/720199def465dd1e6a813b81.webp","https://www.ail.ac.in/","https://www.ail.ac.in/img/logo1.png",""
"assam-cee","Assam CEE","Assam Combined Entrance Examination","official_source_reviewed","/exam-logos/official-v1/e06ef5951dbe52cb9a127fbc.webp","https://astu.ac.in/?page_id=40085","https://astu.ac.in/wp-content/uploads/logo.png",""
"assam-jlee","JLEE","Assam Joint Lateral Entry Examination","official_source_reviewed","/exam-logos/official-v1/e06ef5951dbe52cb9a127fbc.webp","https://astu.ac.in/?page_id=40085","https://astu.ac.in/wp-content/uploads/logo.png",""
"assam-jmee","JMEE","Assam Joint MCA Entrance Examination","official_source_reviewed","/exam-logos/official-v1/e06ef5951dbe52cb9a127fbc.webp","https://astu.ac.in/?page_id=40085","https://astu.ac.in/wp-content/uploads/logo.png",""
"assam-pat","Assam PAT","Assam PAT","existing_catalog_mark","https://aws-origin.dekhocampus.com/storage/v1/object/public/legacy-public-assets/sanitized/bottom-12-v1/ce/ce5ba6dfdfdb3e730c06b300008a96a0f5770fa9134e3b9b50c08e2a37029a58.webp","","https://aws-origin.dekhocampus.com/storage/v1/object/public/legacy-public-assets/sanitized/bottom-12-v1/ce/ce5ba6dfdfdb3e730c06b300008a96a0f5770fa9134e3b9b50c08e2a37029a58.webp",""
"atit","ATIT","Admission Test for IcfaiTech","official_source_reviewed","/exam-logos/official-v1/705477457c0bb385b18cced1.webp","https://www.ifheindia.org/icfaitech","https://www.ifheindia.org/assets/img/Logo.svg",""
"atma","ATMA","AIMS Test for Management Admissions","official_source_reviewed","/exam-logos/official-v1/f0dddbdb30f1ce28a17dad8b.webp","https://www.atmaaims.com/","https://www.atmaaims.com/assets_n/images/logo/logo-dark-2.png",""
"bbau","BBAU","Babasaheb Bhimrao Ambedkar University","official_source_reviewed","/exam-logos/official-v1/6709b116d39f43481a735ef8.webp","https://bbau.ac.in/admissionsug2026.aspx","https://bbau.ac.in/bbau/bbauLogo.png",""
"du-llb","DU LLB","Bachelor of Legislative Law or Legum Baccalaureus","official_source_reviewed","/exam-logos/official-v1/fb0ba290ceac9d949ad13e89.webp","https://lawfaculty.du.ac.in/Admission/Admission-2026-27","https://lawfaculty.du.ac.in/userfiles/images/2law-faculty-logo.png",""
"bhu-pet","BHU PET","Banaras Hindu University Postgraduate Entrance Test","existing_catalog_mark","https://aws-origin.dekhocampus.com/storage/v1/object/public/legacy-public-assets/sanitized/bottom-12-v1/d4/d46fc98ee89f5d830fc17e41eb07cd9758c440e7bcbc827708ef148bc0cc8995.webp","","https://aws-origin.dekhocampus.com/storage/v1/object/public/legacy-public-assets/sanitized/bottom-12-v1/d4/d46fc98ee89f5d830fc17e41eb07cd9758c440e7bcbc827708ef148bc0cc8995.webp",""
"bhu-uet","BHU UET","Banaras Hindu University Undergraduate Entrance Test","existing_catalog_mark","https://aws-origin.dekhocampus.com/storage/v1/object/public/legacy-public-assets/sanitized/bottom-12-v1/c8/c8d499aba823381c72bb43df928c0b08ab4809163c81d3e1520be4d01fd828a6.webp","","https://aws-origin.dekhocampus.com/storage/v1/object/public/legacy-public-assets/sanitized/bottom-12-v1/c8/c8d499aba823381c72bb43df928c0b08ab4809163c81d3e1520be4d01fd828a6.webp",""
"buat","BUAT","Banasthali University Aptitude Test","existing_catalog_mark","https://aws-origin.dekhocampus.com/storage/v1/object/public/legacy-public-assets/sanitized/bottom-12-v1/1b/1baf880000c4ce8da2d79f7178460188833ee16d2b6b010fa0d3756f83b048f7.webp","","https://aws-origin.dekhocampus.com/storage/v1/object/public/legacy-public-assets/sanitized/bottom-12-v1/1b/1baf880000c4ce8da2d79f7178460188833ee16d2b6b010fa0d3756f83b048f7.webp",""
"banda-university-of-agriculture-and-technology","BUAT","Banda University of Agriculture and Technology","official_source_reviewed","/exam-logos/official-v1/0e5ef90a054449519d456bb0.webp","https://www.upcatetexam.org/","https://www.upcatetexam.org/images/logo.png",""
"bcece","BCECE","Bihar Combined Entrance Competitive Examination","official_source_reviewed","/exam-logos/official-v1/5381dd9ddc7a01c8b0667fef.webp","https://bcece.admissions.nic.in/","https://cdnbbsr.s3waas.gov.in/s3b5c01503041b70d41d80e3dbe31bbd8c/uploads/2022/03/2022031474.png",""
"beee","BEEE","Bharath Engineering Entrance Examination","official_source_reviewed","/exam-logos/official-v1/bc9ddf6be2164b18f5127aa6.webp","https://www.bharathuniv.ac.in/","https://www.bharathuniv.ac.in/images/logo.svg",""
"bet-biotechnology","BET","Biotechnology Eligibility Test","official_source_reviewed","/exam-logos/official-v1/79ccf53f16e85a28a9b90286.webp","https://nta.ac.in/cuetexam","https://nta.ac.in/img/NTA_logo.png",""
"bharati-vidyapeeth-common-entrance-test","BVP CET","Bharati Vidyapeeth Common Entrance Test","official_source_reviewed","/exam-logos/official-v1/6d2380baa1565df137ffc5a3.webp","https://bvducet.bharatividyapeeth.edu/","https://bvducet.bharatividyapeeth.edu/index_2026_files/images/main/CET_Logo_2026.png",""
"bihar-bed-cet","Bihar B.Ed CET","Bihar Bachelor of Education Common Entrance Test","official_source_reviewed","/exam-logos/official-v1/d9a29f48302cd9d4a5b8b934.webp","https://biharcetbed-brabu.in/","https://d16rxdsdysn1nu.cloudfront.net/ums/tenants/logos/g0xFjve1rgozwpdydF7skfkRfVLasBA9CBSTAUWN.png",""
"bihar-deled","Bihar D.El.Ed","Bihar Diploma in Elementary Education Joint Entrance Examination","official_source_reviewed","/exam-logos/official-v1/4cf73e8d5a6d5c6de5575d32.webp","https://www.bsebdeled.com/","https://www.bsebdeled.com/images/biharBoard.png",""
"bihar-dcece","DCECE","Diploma Certificate Entrance Competitive Examination","official_source_reviewed","/exam-logos/official-v1/5381dd9ddc7a01c8b0667fef.webp","https://bcece.admissions.nic.in/","https://cdnbbsr.s3waas.gov.in/s3b5c01503041b70d41d80e3dbe31bbd8c/uploads/2022/03/2022031474.png",""
"bihar-dece-le","DECE (LE)","Diploma Entrance Competitive Examination Lateral Entry","official_source_reviewed","/exam-logos/official-v1/5381dd9ddc7a01c8b0667fef.webp","https://bcece.admissions.nic.in/","https://cdnbbsr.s3waas.gov.in/s3b5c01503041b70d41d80e3dbe31bbd8c/uploads/2022/03/2022031474.png",""
"bihar-iticat","ITICAT","Industrial Training Institute Competitive Admission Test","official_source_reviewed","/exam-logos/official-v1/5381dd9ddc7a01c8b0667fef.webp","https://bcece.admissions.nic.in/","https://cdnbbsr.s3waas.gov.in/s3b5c01503041b70d41d80e3dbe31bbd8c/uploads/2022/03/2022031474.png",""
"bitsat-exam","BITSAT - Session 1","Birla Institute of Technology and Science Admission Test - Session 1","official_source_reviewed","/exam-logos/official-v1/91c9c64e7f0ca133fe777af7.webp","https://www.bits-pilani.ac.in/","https://www.bits-pilani.ac.in/wp-content/uploads/bits-pillani-white-2.webp",""
"bitsat-exam-2","BITSAT - Session 2","Birla Institute of Technology and Science Admission Test - Session 2","existing_catalog_mark","https://aws-origin.dekhocampus.com/storage/v1/object/public/legacy-public-assets/sanitized/bottom-12-v1/43/437df8f07a2deafb67860e7c61aaa179b109733d086b18cde1939d60e409da80.webp","","https://aws-origin.dekhocampus.com/storage/v1/object/public/legacy-public-assets/sanitized/bottom-12-v1/43/437df8f07a2deafb67860e7c61aaa179b109733d086b18cde1939d60e409da80.webp",""
"bits-hd","BITS HD","BITS Higher Degree Admission Test (BITS HD)","official_source_reviewed","/exam-logos/official-v1/91c9c64e7f0ca133fe777af7.webp","https://www.bits-pilani.ac.in/","https://www.bits-pilani.ac.in/wp-content/uploads/bits-pillani-white-2.webp",""
"bitsat","BITSAT","BITS Admission Test","official_source_reviewed","/exam-logos/official-v1/91c9c64e7f0ca133fe777af7.webp","https://www.bits-pilani.ac.in/","https://www.bits-pilani.ac.in/wp-content/uploads/bits-pillani-white-2.webp",""
"bpsc-cce","BPSC CCE","Bihar Public Service Commission Combined Competitive Examination","official_source_reviewed","/exam-logos/official-v1/685a1a7b3919999130826ce0.webp","https://bpsc.bihar.gov.in/","https://bpsc.bihar.gov.in/wp-content/uploads/2025/01/cropped-QT3Rx6On_400x400.png",""
"bvp-cet","BVP CET","Bharati Vidyapeeth Common Entrance Test","official_source_reviewed","/exam-logos/official-v1/6d2380baa1565df137ffc5a3.webp","https://bvducet.bharatividyapeeth.edu/","https://bvducet.bharatividyapeeth.edu/index_2026_files/images/main/CET_Logo_2026.png",""
"ca-final","CA Final","Chartered Accountants Final Examination","official_source_reviewed","/exam-logos/official-v1/649fbabed304fc3696925969.webp","https://pqc.icaiexam.icai.org/","https://pqc.icaiexam.icai.org/images/logo.png",""
"ca-foundation","CA Foundation","Chartered Accountants Foundation Examination","official_source_reviewed","/exam-logos/official-v1/649fbabed304fc3696925969.webp","https://pqc.icaiexam.icai.org/","https://pqc.icaiexam.icai.org/images/logo.png",""
"ca-intermediate","CA Intermediate","Chartered Accountants Intermediate Examination","official_source_reviewed","/exam-logos/official-v1/649fbabed304fc3696925969.webp","https://pqc.icaiexam.icai.org/","https://pqc.icaiexam.icai.org/images/logo.png",""
"common-admission-test","CAT","Common Admission Test","official_source_reviewed","/exam-logos/official-v1/2307187e9f1f69c09e88adae.webp","https://iimcat.ac.in/","https://iimcat.ac.in/per/g06/pub/32842/ASM/WebPortal/1/images/CAT_2026_Image.png",""
"CEED","CEED","Common Entrance Examination for Design (CEED)","official_source_reviewed","/exam-logos/official-v1/9f454a73d02b9777482daf5a.webp","https://www.ceed.iitb.ac.in/2026/","https://www.ceed.iitb.ac.in/2026/img/institute/logo_iitb.png",""
"ceeta-pg","CEETA-PG","Common Engineering Entrance Test and Admissions - Postgraduate","official_source_reviewed","/exam-logos/official-v1/ba534cd54a4aeb457bcee736.webp","https://www.annauniv.edu/","https://www.annauniv.edu/images/ANNAUNIVERSITYLOGO.png",""
"cuet","CUET","Central Universities Common Entrance Test","official_source_reviewed","/exam-logos/official-v1/79ccf53f16e85a28a9b90286.webp","https://nta.ac.in/cuetexam","https://nta.ac.in/img/NTA_logo.png",""
"cg-pat","CG PAT","Chhattisgarh Professional Examination Board Pre-Agriculture Test (CG PAT)","official_source_reviewed","/exam-logos/official-v1/d1f2517a0d30c12e1629e02d.webp","https://vyapamcg.cgstate.gov.in/","https://vyapamcg.cgstate.gov.in/public/wp-content/themes/cgv/assets/img/vyapamlogo_0.png",""
"cg-pet","CG PET","Chhattisgarh Pre Engineering Test","official_source_reviewed","/exam-logos/official-v1/d1f2517a0d30c12e1629e02d.webp","https://vyapamcg.cgstate.gov.in/","https://vyapamcg.cgstate.gov.in/public/wp-content/themes/cgv/assets/img/vyapamlogo_0.png",""
"cg-ppht","CG PPHT","Chhattisgarh Pre Pharmacy Test","official_source_reviewed","/exam-logos/official-v1/d1f2517a0d30c12e1629e02d.webp","https://vyapamcg.cgstate.gov.in/","https://vyapamcg.cgstate.gov.in/public/wp-content/themes/cgv/assets/img/vyapamlogo_0.png",""
"cg-ppt","CG PPT","Chhattisgarh Pre Polytechnic Test","official_source_reviewed","/exam-logos/official-v1/d1f2517a0d30c12e1629e02d.webp","https://vyapamcg.cgstate.gov.in/","https://vyapamcg.cgstate.gov.in/public/wp-content/themes/cgv/assets/img/vyapamlogo_0.png",""
"cg-pre-bed","CG Pre B.Ed","Chhattisgarh Pre Bachelor of Education Entrance Examination","official_source_reviewed","/exam-logos/official-v1/d1f2517a0d30c12e1629e02d.webp","https://vyapamcg.cgstate.gov.in/","https://vyapamcg.cgstate.gov.in/public/wp-content/themes/cgv/assets/img/vyapamlogo_0.png",""
"cg-pre-deled","CG Pre D.El.Ed","Chhattisgarh Pre Diploma in Elementary Education Entrance Examination","official_source_reviewed","/exam-logos/official-v1/d1f2517a0d30c12e1629e02d.webp","https://vyapamcg.cgstate.gov.in/","https://vyapamcg.cgstate.gov.in/public/wp-content/themes/cgv/assets/img/vyapamlogo_0.png",""
"ca-cpt","CA CPT","Chartered Accountant Common Proficiency Test","official_source_reviewed","/exam-logos/official-v1/649fbabed304fc3696925969.webp","https://pqc.icaiexam.icai.org/","https://pqc.icaiexam.icai.org/images/logo.png",""
"chhattisgarh-pre-master-of-computer-applications","CG Pre MCA","Chhattisgarh Pre Master of Computer Applications Entrance Examination","official_source_reviewed","/exam-logos/official-v1/d1f2517a0d30c12e1629e02d.webp","https://vyapamcg.cgstate.gov.in/","https://vyapamcg.cgstate.gov.in/public/wp-content/themes/cgv/assets/img/vyapamlogo_0.png",""
"cg-pvpt","CG PVPT","Chhattisgarh Pre Veterinary and Polytechnic Test","existing_catalog_mark","https://aws-origin.dekhocampus.com/storage/v1/object/public/legacy-public-assets/sanitized/bottom-12-v1/02/02d795cf673bed9c1893637e39fd754dcc8e6c5871a244bad37882b71a29068d.webp","","https://aws-origin.dekhocampus.com/storage/v1/object/public/legacy-public-assets/sanitized/bottom-12-v1/02/02d795cf673bed9c1893637e39fd754dcc8e6c5871a244bad37882b71a29068d.webp",""
"cg-pb-b-sc-exam","CG PB B.SC EXAM","Chhattisgarh Professional Examination Board Exam","official_source_reviewed","/exam-logos/official-v1/d1f2517a0d30c12e1629e02d.webp","https://vyapamcg.cgstate.gov.in/","https://vyapamcg.cgstate.gov.in/public/wp-content/themes/cgv/assets/img/vyapamlogo_0.png",""
"christ-entrance-test","CHRIST ET","CHRIST University Entrance Test","official_source_reviewed","/exam-logos/official-v1/66de07d171870c82f8ef7d9a.webp","https://christuniversity.in/admission/ugpg-selection-process-dates-2026","https://christuniversity.in/images/logo.png",""
"culee","CULEE","Christ University Law Entrance Examination (CULEE)","official_source_reviewed","/exam-logos/official-v1/66de07d171870c82f8ef7d9a.webp","https://christuniversity.in/admission/ugpg-selection-process-dates-2026","https://christuniversity.in/images/logo.png",""
"clat","CLAT","Common Law Admission Test","official_source_reviewed","/exam-logos/official-v1/af02e9822662cab790236390.webp","https://clat2027.consortiumofnlus.ac.in/clat-2027/","https://clat2027.consortiumofnlus.ac.in/images/consortium_logo.png",""
"cma-final","CMA Final","Cost and Management Accountancy Final Examination","official_source_reviewed","/exam-logos/official-v1/b36767e465c7eb57d33a23b5.webp","https://icmai.in/ClntStudents/UpdateandAnnouncements","https://dwpivt501gtb6.cloudfront.net/upload/images/4a60e0c8-5035-4a7f-98d5-a308dcb183fc.svg",""
"cma-foundation","CMA Foundation","Cost and Management Accountancy Foundation Examination","official_source_reviewed","/exam-logos/official-v1/b36767e465c7eb57d33a23b5.webp","https://icmai.in/ClntStudents/UpdateandAnnouncements","https://dwpivt501gtb6.cloudfront.net/upload/images/4a60e0c8-5035-4a7f-98d5-a308dcb183fc.svg",""
"cma-intermediate","CMA Intermediate","Cost and Management Accountancy Intermediate Examination","official_source_reviewed","/exam-logos/official-v1/b36767e465c7eb57d33a23b5.webp","https://icmai.in/ClntStudents/UpdateandAnnouncements","https://dwpivt501gtb6.cloudfront.net/upload/images/4a60e0c8-5035-4a7f-98d5-a308dcb183fc.svg",""
"cmat","CMAT","Common Management Admission Test (CMAT)","official_source_reviewed","/exam-logos/official-v1/79ccf53f16e85a28a9b90286.webp","https://nta.ac.in/cuetexam","https://nta.ac.in/img/NTA_logo.png",""
"cmi-entrance","CMI Entrance Exam","Chennai Mathematical Institute Entrance Examination","official_source_reviewed","/exam-logos/official-v1/9177eecf088d56805807afac.webp","https://www.cmi.ac.in/admissions/","https://www.cmi.ac.in/pix/cmi-header.png",""
"cmruat","CMRUAT","CMR University Admission Test","official_source_reviewed","/exam-logos/official-v1/195f05e24a243556e29b8ccc.webp","https://www.cmr.edu.in/","https://cmr.edu.in/wp-content/uploads/2026/03/CMR-NAAC-LOGO-small.png",""
"tnpsc-ces","TNPSC CES","Combined Engineering Services Examination","official_source_reviewed","/exam-logos/official-v1/20bccd993c9904b728049791.webp","https://www.tnpsc.gov.in/","https://www.tnpsc.gov.in/English/images/TNPSC-logo.jpg",""
"cpnet-ug","CPNET UG","Combined Pharamcy and Nursing Entrance Exam","existing_catalog_mark","https://aws-origin.dekhocampus.com/storage/v1/object/public/legacy-public-assets/sanitized/bottom-12-v1/73/7381275d0f10b11cd96de2d3b84db1907b8f964308b79bd6605c64deb259b413.webp","","https://aws-origin.dekhocampus.com/storage/v1/object/public/legacy-public-assets/sanitized/bottom-12-v1/73/7381275d0f10b11cd96de2d3b84db1907b8f964308b79bd6605c64deb259b413.webp",""
"comedk","COMEDK UGET","Consortium of Medical, Engineering and Dental Colleges of Karnataka Undergraduate Entrance Test","official_source_reviewed","/exam-logos/official-v1/b389f3d095c2202e7f15fe26.webp","https://comedk.org/about-uget-and-notification-2026","https://www.comedk.org/assets/images/logo.jpg",""
"cee-ampai-wb","CEE AMPAI WB","Common Entrance Examination Association of Minority Professional Academic Institutes WB","existing_catalog_mark","https://aws-origin.dekhocampus.com/storage/v1/object/public/legacy-public-assets/sanitized/bottom-12-v1/d3/d31b398881d1561bdbe82c1b130c364094bfe53b36a446f9ba131f44ce65998a.webp","","https://aws-origin.dekhocampus.com/storage/v1/object/public/legacy-public-assets/sanitized/bottom-12-v1/d3/d31b398881d1561bdbe82c1b130c364094bfe53b36a446f9ba131f44ce65998a.webp",""
"csir-ugc-net","CSIR UGC NET","Council of Scientific and Industrial Research National Eligibility Test","official_source_reviewed","/exam-logos/official-v1/79ccf53f16e85a28a9b90286.webp","https://nta.ac.in/cuetexam","https://nta.ac.in/img/NTA_logo.png",""
"cs-executive","CS Executive","Company Secretary Executive Programme Examination","official_source_reviewed","/exam-logos/official-v1/115cec1b7e0e6a7c0cb8c513.webp","https://www.icsi.edu/","https://www.icsi.edu/logo_full.png",""
"cs-professional","CS Professional","Company Secretary Professional Programme Examination","official_source_reviewed","/exam-logos/official-v1/115cec1b7e0e6a7c0cb8c513.webp","https://www.icsi.edu/","https://www.icsi.edu/logo_full.png",""
"cseet-icsi","CSEET","Company Secretary Executive Entrance Test","official_source_reviewed","/exam-logos/official-v1/115cec1b7e0e6a7c0cb8c513.webp","https://www.icsi.edu/","https://www.icsi.edu/logo_full.png",""
"ctet","CTET","Central Teacher Eligibility Test","official_source_reviewed","/exam-logos/official-v1/77b9d5c97540c0cb626e8fe6.webp","https://ctet.nic.in/","https://cdnbbsr.s3waas.gov.in/s3443dec3062d0286986e21dc0631734c9/uploads/2023/03/2023032156.png",""
"cucet-chandigarh","CUCET","Chandigarh University Common Entrance Test","official_source_reviewed","/exam-logos/official-v1/9e4363e145f4696d21687755.webp","https://cucet.cuchd.in/chandigarhuniversityadmissions/index.aspx","https://cucet.cuchd.in/chandigarhuniversityadmissions/assets/img/cucet-logo.webp",""
"cuee","CUEE","Centurion University Entrance Examination","official_source_reviewed","/exam-logos/official-v1/a5c1d639dfb3e1f823027b6e.webp","https://cutm.ac.in/admission-process/","https://cutm.ac.in/wp-content/themes/centurion/images/logo.svg",""
"cuet-2026","CUET UG","Common University Entrance Test (UG)","official_source_reviewed","/exam-logos/official-v1/79ccf53f16e85a28a9b90286.webp","https://nta.ac.in/cuetexam","https://nta.ac.in/img/NTA_logo.png",""
"cuet-pg","CUET PG","Common University Entrance Test (Postgraduate)","official_source_reviewed","/exam-logos/official-v1/79ccf53f16e85a28a9b90286.webp","https://nta.ac.in/cuetexam","https://nta.ac.in/img/NTA_logo.png",""
"cusat-cat","CUSAT CAT","Cochin University of Science and Technology Common Admission Test","official_source_reviewed","/exam-logos/official-v1/3ab3bd2515bd8743b6c11c5e.webp","https://admissions.cusat.ac.in/","https://admissions.cusat.ac.in/imageweb/cusatgeorgiafont.png",""
"duet","DUET","Delhi University Entrance Test","official_source_reviewed","/exam-logos/official-v1/a0a76d637f00587bc9492e36.webp","https://admission.uod.ac.in/","https://admission.uod.ac.in/userfiles/images/logo_du.png",""
"du-jat","DU JAT","Delhi University Joint Admission Test","existing_catalog_mark","https://aws-origin.dekhocampus.com/storage/v1/object/public/legacy-public-assets/sanitized/bottom-12-v1/64/64716a7fae1d8a5bac8cb8a88b70f2d7fcccf9329da525c94cb7392f8686f92e.webp","","https://aws-origin.dekhocampus.com/storage/v1/object/public/legacy-public-assets/sanitized/bottom-12-v1/64/64716a7fae1d8a5bac8cb8a88b70f2d7fcccf9329da525c94cb7392f8686f92e.webp",""
"dnb-pdcet","DNB PDCET","Diplomate of National Board Post Diploma Centralized Entrance Test","official_source_reviewed","/exam-logos/official-v1/32397b7a8d5ea2f2b9c04e3f.webp","https://natboard.edu.in/viewnbeexam?exam=pdcet","https://natboard.edu.in/tasveer/nbenewlogo.png",""
"dr-b-r-ambedkar-open-university","BRAOU","Dr. B.R.Ambedkar Open University","official_source_reviewed","/exam-logos/official-v1/a8ad3e0ef4bbad10c5ec8eed.webp","https://www.braouonline.in/MISC/UGPGProspectus.aspx","https://www.braouonline.in/Images/BRAOU_NEWLOGO.png",""
"dsat","DSAT","Dayananda Sagar Admission Test","official_source_reviewed","/exam-logos/official-v1/982a4ba07e2cef32102188b6.webp","https://www.dsu.edu.in/admission","https://www.dsu.edu.in/templates/sj_university2/images/styling/default/logo.png",""
"fddi-aist","FDDI AIST","Footwear Design and Development Institute All India Selection Test","official_source_reviewed","/exam-logos/official-v1/e9b80142ca591d20dfa10819.webp","https://fddiindia.com/admission-process","https://fddiindia.com/img/logo-FDDI2026.png",""
"fet-nbems","FET","Fellowship Entrance Test","official_source_reviewed","/exam-logos/official-v1/32397b7a8d5ea2f2b9c04e3f.webp","https://natboard.edu.in/viewnbeexam?exam=pdcet","https://natboard.edu.in/tasveer/nbenewlogo.png",""
"ftii-jet","FTII JET","Film and Television Institute of India Joint Entrance Examination","official_source_reviewed","/exam-logos/official-v1/7ed753c1d5849393df8d2133.webp","https://ftii.ac.in/admission","https://ftii.ac.in/api/serve/2026/03/20/logo_for_website_final_jpg_1774010867_702441be.jpeg",""
"fmge","FMGE","Foreign Medical Graduate Examination","official_source_reviewed","/exam-logos/official-v1/32397b7a8d5ea2f2b9c04e3f.webp","https://natboard.edu.in/viewnbeexam?exam=pdcet","https://natboard.edu.in/tasveer/nbenewlogo.png",""
"galgotias-engineering-entrance-exam","GEEE","Galgotias Engineering Entrance Examination (GEEE)","official_source_reviewed","/exam-logos/official-v1/21b0fad269835b8d04cd0972.webp","https://www.galgotiasuniversity.edu.in/","https://www.galgotiasuniversity.edu.in/public/uploads/media/6nEZgXfZAHbEKIvU1aAKQW4DT3BzKust4penCoJZ.png",""
"gat-b","GAT-B","Graduate Aptitude Test - Biotechnology","official_source_reviewed","/exam-logos/official-v1/79ccf53f16e85a28a9b90286.webp","https://nta.ac.in/cuetexam","https://nta.ac.in/img/NTA_logo.png",""
"gate","GATE","Graduate Aptitude Test in Engineering","official_source_reviewed","/exam-logos/official-v1/5dd717c50f7b0c96668a1036.webp","https://gate2027.iitm.ac.in/","https://gate2027.iitm.ac.in/static/img/logos/GATE27_logo.svg",""
"gbpuat-entrance","GBPUAT Entrance","Govind Ballabh Pant University of Agriculture and Technology Entrance Examination","official_source_reviewed","/exam-logos/official-v1/7843b30590e714f69148a976.webp","https://www.gbpuat.ac.in/","https://www.gbpuat.ac.in/logo_src.png",""
"gitam-admission-test","GITAM GAT","GITAM Admission Test (GAT)","existing_catalog_mark","https://aws-origin.dekhocampus.com/storage/v1/object/public/legacy-public-assets/sanitized/bottom-12-v1/62/62cc1ec756db6fa84a460bf97910e047d99da4d70b812aac98fdfafbf6a3ff79.webp","","https://aws-origin.dekhocampus.com/storage/v1/object/public/legacy-public-assets/sanitized/bottom-12-v1/62/62cc1ec756db6fa84a460bf97910e047d99da4d70b812aac98fdfafbf6a3ff79.webp",""
"gitam-gat","GAT","GITAM Admission Test","existing_catalog_mark","https://aws-origin.dekhocampus.com/storage/v1/object/public/legacy-public-assets/sanitized/bottom-12-v1/62/62cc1ec756db6fa84a460bf97910e047d99da4d70b812aac98fdfafbf6a3ff79.webp","","https://aws-origin.dekhocampus.com/storage/v1/object/public/legacy-public-assets/sanitized/bottom-12-v1/62/62cc1ec756db6fa84a460bf97910e047d99da4d70b812aac98fdfafbf6a3ff79.webp",""
"gsat","GSAT","GITAM Science Admission Test","existing_catalog_mark","https://aws-origin.dekhocampus.com/storage/v1/object/public/legacy-public-assets/sanitized/bottom-12-v1/68/68a2de6118d0064d1b35fd562e184b6d4b010220ec7aceee3b3d7f003e393ee7.webp","","https://aws-origin.dekhocampus.com/storage/v1/object/public/legacy-public-assets/sanitized/bottom-12-v1/68/68a2de6118d0064d1b35fd562e184b6d4b010220ec7aceee3b3d7f003e393ee7.webp",""
"gcet","GCET (Goa CET )","Goa Common Entrance Test","existing_catalog_mark","https://aws-origin.dekhocampus.com/storage/v1/object/public/legacy-public-assets/sanitized/bottom-12-v1/f2/f2ef3e2513d737eb16376a10a9ea5eb4bc4bb1b0e44312096c6a877a4d6f98fe.webp","","https://aws-origin.dekhocampus.com/storage/v1/object/public/legacy-public-assets/sanitized/bottom-12-v1/f2/f2ef3e2513d737eb16376a10a9ea5eb4bc4bb1b0e44312096c6a877a4d6f98fe.webp",""
"gbpuat","GBPUAT","Govind Ballabh Pant University of Agriculture and Technology","official_source_reviewed","/exam-logos/official-v1/7843b30590e714f69148a976.webp","https://www.gbpuat.ac.in/","https://www.gbpuat.ac.in/logo_src.png",""
"gpat","GPAT","Graduate Pharmacy Aptitude Test (GPAT)","official_source_reviewed","/exam-logos/official-v1/79ccf53f16e85a28a9b90286.webp","https://nta.ac.in/cuetexam","https://nta.ac.in/img/NTA_logo.png",""
"gpsc-class-1-2","GPSC Class 1-2","Gujarat Administrative Service Class-I and Gujarat Civil Services Class-I & II Competitive Examination","official_source_reviewed","/exam-logos/official-v1/c4bd9f8554eb665cea91aec5.webp","https://gpsc.gujarat.gov.in/","https://gpsc.gujarat.gov.in/images/Logo-GPSC.png",""
"graduate-management-admission-test","GMAT","Graduate Management Admission Test","existing_catalog_mark","https://aws-origin.dekhocampus.com/storage/v1/object/public/legacy-public-assets/sanitized/bottom-12-v1/62/6227292e39e110dbbad14adaf9f05ba8f0c06fbe836aae82a99196d1cffb2236.webp","","https://aws-origin.dekhocampus.com/storage/v1/object/public/legacy-public-assets/sanitized/bottom-12-v1/62/6227292e39e110dbbad14adaf9f05ba8f0c06fbe836aae82a99196d1cffb2236.webp",""
"gre","GRE","Graduate Record Examinations","official_source_reviewed","/exam-logos/official-v1/bf164cb2f5870238acb13823.webp","https://www.ets.org/gre/test-takers/general-test/about.html","https://www.ets.org/content/dam/ets-org/Rebrand/Logos/GRE_purple_RGB.svg",""
"guee","GUEE","Galgotias University Entrance Examination","official_source_reviewed","/exam-logos/official-v1/21b0fad269835b8d04cd0972.webp","https://www.galgotiasuniversity.edu.in/","https://www.galgotiasuniversity.edu.in/public/uploads/media/6nEZgXfZAHbEKIvU1aAKQW4DT3BzKust4penCoJZ.png",""
"gset","GSET","Gujarat State Eligibility Test","official_source_reviewed","/exam-logos/official-v1/43ce0e42f21db16e6809a0c8.webp","https://www.gujaratset.ac.in/","https://www.gujaratset.ac.in/assets/images/skybluegset.png",""
"gujcet","GUJCET","Gujarat Common Entrance Test","official_source_reviewed","/exam-logos/official-v1/8bb49f8ba87559d93fa099e5.webp","https://www.gseb.org/","https://www.gseb.org/assets/images/gseb-english-logo.png",""
"gndu-gmet","GNDU GMET","Guru Nanak Dev University Management Entrance Test","existing_catalog_mark","https://aws-origin.dekhocampus.com/storage/v1/object/public/legacy-public-assets/sanitized/bottom-12-v1/eb/ebdf13b4f69480e0f9d2e55667484730eec9b85a60927213c5c40865d7d6ac5f.webp","","https://aws-origin.dekhocampus.com/storage/v1/object/public/legacy-public-assets/sanitized/bottom-12-v1/eb/ebdf13b4f69480e0f9d2e55667484730eec9b85a60927213c5c40865d7d6ac5f.webp",""
"haryana-lateral-entry-entrance-test","Haryana LEET","Haryana Lateral Entry Entrance Test (LEET)","existing_catalog_mark","https://aws-origin.dekhocampus.com/storage/v1/object/public/legacy-public-assets/sanitized/bottom-12-v1/19/1913a66f971a6415b7bb64cb408a567ba1b53a4c30c366783c9166a9f22cdc83.webp","","https://aws-origin.dekhocampus.com/storage/v1/object/public/legacy-public-assets/sanitized/bottom-12-v1/19/1913a66f971a6415b7bb64cb408a567ba1b53a4c30c366783c9166a9f22cdc83.webp",""
"hp-b-sc-nursing-exam","HP B.SC NURSING EXAM","Himachal Pradesh Bachelor of Science in Nursing Entrance Test","official_source_reviewed","/exam-logos/official-v1/94a06ea3e55eaa5375456694.webp","https://amruhp.ac.in/","https://amruhp.ac.in/wp-content/uploads/2020/06/AMRU-Logo-New.jpg",""
"himachal-pradesh-polytechnic-admission-test","HP PAT","Himachal Pradesh Polytechnic Admission Test","official_source_reviewed","/exam-logos/official-v1/0ee415300fdccddcf768a8c7.webp","https://www.hptechboard.com/","https://www.hptechboard.com/images/logo.png",""
"hpu-mat","HPU MAT","Himachal Pradesh University Management Aptitude Test","official_source_reviewed","/exam-logos/official-v1/b05a19230531fd4046d60f4e.webp","https://www.hpuniv.ac.in/university-detail/management-studies-0/management-aptitude-test","https://www.hpuniv.ac.in/images/hpu_logo.svg",""
"hitseee","HITSEEE","Hindustan Institute of Technology and Science Engineering Entrance Examination","official_source_reviewed","/exam-logos/official-v1/cf30a007fad4edc0f880a99a.webp","https://hindustanuniv.ac.in/admissions-eligibility/","https://hindustanuniv.ac.in/assets/image/new-logo.svg",""
"ap-horticet","HORTICET","Dr YSR Horticultural University Horticulture Common Entrance Test","official_source_reviewed","/exam-logos/official-v1/38de076598f25781c79433e4.webp","https://drysrhu.ap.gov.in/","https://drysrhu.ap.gov.in/assets/images/ap-logo_official.png",""
"hp-leet","HP LEET","Himachal Pradesh Lateral Entry Entrance Test","official_source_reviewed","/exam-logos/official-v1/0ee415300fdccddcf768a8c7.webp","https://www.hptechboard.com/","https://www.hptechboard.com/images/logo.png",""
"hp-pat","HP PAT","Himachal Pradesh Polytechnic Admission Test","official_source_reviewed","/exam-logos/official-v1/0ee415300fdccddcf768a8c7.webp","https://www.hptechboard.com/","https://www.hptechboard.com/images/logo.png",""
"hp-set","HP SET","Himachal Pradesh State Eligibility Test","unresolved","","","","HPPSC official site requires unsafe legacy TLS renegotiation; HTTP retry timed out. No security downgrade used."
"hpcet","HPCET","Himachal Pradesh Common Entrance Test","official_source_reviewed","/exam-logos/official-v1/e379e733fb7f4dbf9b5d063c.webp","https://www.himtu.ac.in/","https://www.himtu.ac.in/themes/custom/university_theme/hptulogo.svg",""
"hpsc-hcs","HPSC HCS","Haryana Civil Services (Executive Branch) and Allied Services Examination","official_source_reviewed","/exam-logos/official-v1/6fa60278d81105e4e2e6a66b.webp","https://hpsc.gov.in/","https://hpsc.gov.in/portals/0/logo_2_0_0_1.png",""
"hssc-cet","HSSC CET","Haryana Staff Selection Commission Common Eligibility Test","official_source_reviewed","/exam-logos/official-v1/c5dff0f2ae667bf105fc7e86.webp","https://hssc.gov.in/","https://hssc.gov.in/images/logo.png",""
"ib-acio-executive","IB ACIO-II/Executive","Intelligence Bureau Assistant Central Intelligence Officer Grade-II/Executive Examination","official_source_reviewed","/exam-logos/official-v1/50a836c0ddeee59b69a2c75f.webp","https://www.mha.gov.in/","https://www.mha.gov.in/themes/custom/mhanew/images/emblem-dark.png",""
"ibps-csa","IBPS CSA","IBPS Common Recruitment Process for Customer Service Associates","official_source_reviewed","/exam-logos/official-v1/726bb8d844cfe9fb83a01aa8.webp","https://capp.ibps.in/","https://capp.ibps.in/assets/images/logos/logo.png",""
"ibps-po","IBPS PO/MT XVI","IBPS Common Recruitment Process for Probationary Officers / Management Trainees XVI","official_source_reviewed","/exam-logos/official-v1/726bb8d844cfe9fb83a01aa8.webp","https://capp.ibps.in/","https://capp.ibps.in/assets/images/logos/logo.png",""
"ibps-cwe-rrb","IBPS CWE RRB","IBPS Regional Rural Banks Common Written Test","official_source_reviewed","/exam-logos/official-v1/726bb8d844cfe9fb83a01aa8.webp","https://capp.ibps.in/","https://capp.ibps.in/assets/images/logos/logo.png",""
"ibps-rrb-office-assistant","IBPS RRB Office Assistant","IBPS CRP RRB Office Assistants (Multipurpose)","official_source_reviewed","/exam-logos/official-v1/726bb8d844cfe9fb83a01aa8.webp","https://capp.ibps.in/","https://capp.ibps.in/assets/images/logos/logo.png",""
"ibps-rrb-officer-scale-i","IBPS RRB Officer Scale I","IBPS CRP RRB Officer Scale I","official_source_reviewed","/exam-logos/official-v1/726bb8d844cfe9fb83a01aa8.webp","https://capp.ibps.in/","https://capp.ibps.in/assets/images/logos/logo.png",""
"ibps-so","IBPS Specialist Officer XVI","IBPS Common Recruitment Process for Specialist Officers XVI","official_source_reviewed","/exam-logos/official-v1/726bb8d844cfe9fb83a01aa8.webp","https://capp.ibps.in/","https://capp.ibps.in/assets/images/logos/logo.png",""
"ibsat","IBSAT","ICFAI Business School Aptitude Test","official_source_reviewed","/exam-logos/official-v1/e376f8e4b81b2c6d7f1c6df4.webp","https://www.ibsindia.org/","https://www.ibsindia.org/wp-content/uploads/2017/08/ibs_logo.png",""
"icai-intt-at","INTT-AT","ICAI International Taxation Assessment Test","official_source_reviewed","/exam-logos/official-v1/649fbabed304fc3696925969.webp","https://pqc.icaiexam.icai.org/","https://pqc.icaiexam.icai.org/images/logo.png",""
"icar-aice-jrf-srf-phd","ICAR AICE-JRF/SRF","ICAR All India Competitive Examination for JRF/SRF (Ph.D.)","official_source_reviewed","/exam-logos/official-v1/79ccf53f16e85a28a9b90286.webp","https://nta.ac.in/cuetexam","https://nta.ac.in/img/NTA_logo.png",""
"icar-aieea-pg","ICAR AIEEA PG","ICAR All India Entrance Examination for Admission - Postgraduate","official_source_reviewed","/exam-logos/official-v1/79ccf53f16e85a28a9b90286.webp","https://nta.ac.in/cuetexam","https://nta.ac.in/img/NTA_logo.png",""
"icmai-cat-part-i","CAT Part I","Certificate in Accounting Technicians Course Part I Examination","official_source_reviewed","/exam-logos/official-v1/b36767e465c7eb57d33a23b5.webp","https://icmai.in/ClntStudents/UpdateandAnnouncements","https://dwpivt501gtb6.cloudfront.net/upload/images/4a60e0c8-5035-4a7f-98d5-a308dcb183fc.svg",""
"ignou-bed-entrance","IGNOU B.Ed","Indira Gandhi National Open University B.Ed Entrance Test","official_source_reviewed","/exam-logos/official-v1/4fbb89660ef3569c6dd16fa9.webp","https://ignou-bed.samarth.edu.in/index.php","https://ignou-bed.samarth.edu.in/assets/f2c8eb3e/site_files/ignou_logo.png",""
"ignou-openmat-entrance-exam","IGNOU OPENMAT","IGNOU OPENMAT Entrance Exam","official_source_reviewed","/exam-logos/official-v1/4fbb89660ef3569c6dd16fa9.webp","https://ignou-bed.samarth.edu.in/index.php","https://ignou-bed.samarth.edu.in/assets/f2c8eb3e/site_files/ignou_logo.png",""
"iiith-leee","LEEE","IIIT Hyderabad Lateral Entry Entrance Examination","official_source_reviewed","/exam-logos/official-v1/3063ea03ccbe3497cb843f86.webp","https://pdm.iiit.ac.in/admissions/","https://pdm.iiit.ac.in/wp-content/themes/pdm/assets/img/iiit-logo.png",""
"iiith-pgee","PGEE","IIIT Hyderabad Postgraduate Entrance Examination","official_source_reviewed","/exam-logos/official-v1/3063ea03ccbe3497cb843f86.webp","https://pdm.iiit.ac.in/admissions/","https://pdm.iiit.ac.in/wp-content/themes/pdm/assets/img/iiit-logo.png",""
"iiith-ugee","UGEE","IIIT Hyderabad Undergraduate Entrance Examination","official_source_reviewed","/exam-logos/official-v1/3063ea03ccbe3497cb843f86.webp","https://pdm.iiit.ac.in/admissions/","https://pdm.iiit.ac.in/wp-content/themes/pdm/assets/img/iiit-logo.png",""
"ipmat-rohtak","IPM AT Rohtak","IIM Rohtak Integrated Programme in Management Aptitude Test","official_source_reviewed","/exam-logos/official-v1/4d0d046c1b9674a2d620a206.webp","https://iimrohtak.ac.in/","https://iimrohtak.ac.in/assets/images/iimrlogo3.png",""
"iiser-iat","IAT","IISER Aptitude Test","unresolved","","","","Current official admissions header is text-only. No common IAT mark verified; a single IISER campus crest would misrepresent the joint exam."
"iit-jam","JAM","Joint Admission Test for Masters","existing_catalog_mark","https://aws-origin.dekhocampus.com/storage/v1/object/public/legacy-public-assets/sanitized/bottom-12-v1/71/71ebd95df6ee76ae6db4c6f3ab69f1c9e89067d6775250659ca8fd24fd6ee035.webp","","https://aws-origin.dekhocampus.com/storage/v1/object/public/legacy-public-assets/sanitized/bottom-12-v1/71/71ebd95df6ee76ae6db4c6f3ab69f1c9e89067d6775250659ca8fd24fd6ee035.webp",""
"imu-cet","IMU CET","Indian Maritime University Common Entrance Test","existing_catalog_mark","https://aws-origin.dekhocampus.com/storage/v1/object/public/legacy-public-assets/sanitized/bottom-12-v1/67/674713e5cfe3e1b4bd70c3713a06a143022316eb8502e17525df31cf66ada625.webp","","https://aws-origin.dekhocampus.com/storage/v1/object/public/legacy-public-assets/sanitized/bottom-12-v1/67/674713e5cfe3e1b4bd70c3713a06a143022316eb8502e17525df31cf66ada625.webp",""
"indian-army-agniveer-cee","Indian Army Agniveer CEE","Indian Army Online Common Entrance Examination for Agniveer Recruitment","official_source_reviewed","/exam-logos/official-v1/e4bf5aef8311fbf81a48150f.webp","https://www.joinindianarmy.nic.in/","https://www.joinindianarmy.nic.in/writereaddata/Portal/Images/logo.png",""
"icar-aieea","ICAR AIEEA","ICAR All India Entrance Examination for Admission (AIEEA-PG)","official_source_reviewed","/exam-logos/official-v1/79ccf53f16e85a28a9b90286.webp","https://nta.ac.in/cuetexam","https://nta.ac.in/img/NTA_logo.png",""
"iiad","IIAD","Indian Institute of Art and Design","official_source_reviewed","/exam-logos/official-v1/c52c82f0c9c7d5feda7cccee.webp","https://www.iiad.edu.in/","https://www.iiad.edu.in/wp-content/themes/iiad/asset/logo/iiad-logo.webp",""
"iift","IIFT","Indian Institute of Foreign Trade","existing_catalog_mark","https://aws-origin.dekhocampus.com/storage/v1/object/public/legacy-public-assets/sanitized/bottom-12-v1/62/62bb282338b8014c395b4c27de416f81c8d0fb7d2ef5baa23b67f433e5130e6f.webp","","https://aws-origin.dekhocampus.com/storage/v1/object/public/legacy-public-assets/sanitized/bottom-12-v1/62/62bb282338b8014c395b4c27de416f81c8d0fb7d2ef5baa23b67f433e5130e6f.webp",""
"iimc-entrance-exam","IIMC Entrance Exam","Indian Institute of Mass Communication's Entrance Exam","existing_catalog_mark","https://aws-origin.dekhocampus.com/storage/v1/object/public/legacy-public-assets/sanitized/bottom-12-v1/3a/3a0e5f1d043d26ef030a39a78426f359979b9e7ee7d272a9946c56a4e2e4db20.webp","","https://aws-origin.dekhocampus.com/storage/v1/object/public/legacy-public-assets/sanitized/bottom-12-v1/3a/3a0e5f1d043d26ef030a39a78426f359979b9e7ee7d272a9946c56a4e2e4db20.webp",""
"imucet","IMU CET","Indian Maritime University Common Entrance Test","existing_catalog_mark","https://aws-origin.dekhocampus.com/storage/v1/object/public/legacy-public-assets/sanitized/bottom-12-v1/67/674713e5cfe3e1b4bd70c3713a06a143022316eb8502e17525df31cf66ada625.webp","","https://aws-origin.dekhocampus.com/storage/v1/object/public/legacy-public-assets/sanitized/bottom-12-v1/67/674713e5cfe3e1b4bd70c3713a06a143022316eb8502e17525df31cf66ada625.webp",""
"indian-navy-agniveer-mr","Indian Navy Agniveer MR","Indian Navy Agniveer Matric Recruit Selection","official_source_reviewed","/exam-logos/official-v1/9d2997cae7ea437ade4cf1d1.webp","https://www.joinindiannavy.gov.in/","https://www.joinindiannavy.gov.in/images/octaginal-crest.png",""
"indian-navy-agniveer-ssr","Indian Navy Agniveer SSR","Indian Navy Agniveer Senior Secondary Recruit Selection","official_source_reviewed","/exam-logos/official-v1/9d2997cae7ea437ade4cf1d1.webp","https://www.joinindiannavy.gov.in/","https://www.joinindiannavy.gov.in/images/octaginal-crest.png",""
"indira-gandhi-rashtriya-uran-akademi-igrua","IGRUA","Indira Gandhi Rashtriya Uran Akademi (IGRUA)","existing_catalog_mark","https://aws-origin.dekhocampus.com/storage/v1/object/public/legacy-public-assets/sanitized/bottom-12-v1/89/891d270ac954d1882bc6a5a066ca22cfe36da29ad87fb5ede7f274e588b6acd6.webp","","https://aws-origin.dekhocampus.com/storage/v1/object/public/legacy-public-assets/sanitized/bottom-12-v1/89/891d270ac954d1882bc6a5a066ca22cfe36da29ad87fb5ede7f274e588b6acd6.webp",""
"iilet","IILET","Indore Institute of Law Entrance Test","official_source_reviewed","/exam-logos/official-v1/0fb2a208f5b642d5737df44b.webp","https://indoreinstituteoflaw.org/admission-process/","https://indoreinstituteoflaw.org/wp-content/uploads/2023/11/IIL_Logo.png",""
"indraprastha-university-common-entrance-test","IPU CET","Indraprastha University Common Entrance Test","existing_catalog_mark","https://aws-origin.dekhocampus.com/storage/v1/object/public/legacy-public-assets/sanitized/bottom-12-v1/e4/e462e45b84168ddd4b1d3373287b12e25dca0642d9d53f06c522b9b333ddf38f.webp","","https://aws-origin.dekhocampus.com/storage/v1/object/public/legacy-public-assets/sanitized/bottom-12-v1/e4/e462e45b84168ddd4b1d3373287b12e25dca0642d9d53f06c522b9b333ddf38f.webp",""
"iticat","ITICAT","Bihar Industrial Training Institute Competitive Admission Test (ITICAT)","official_source_reviewed","/exam-logos/official-v1/5381dd9ddc7a01c8b0667fef.webp","https://bcece.admissions.nic.in/","https://cdnbbsr.s3waas.gov.in/s3b5c01503041b70d41d80e3dbe31bbd8c/uploads/2022/03/2022031474.png",""
"ini-cet","INI-CET","Institute of National Importance Combined Entrance Test","official_source_reviewed","/exam-logos/official-v1/f9b12d45fa2829cd8282bff2.webp","https://aiimsexams.ac.in/","https://aiimsexams.ac.in/_next/image?url=%2F_next%2Fstatic%2Fmedia%2Faiims_logo.37b13df2.webp&w=256&q=75",""
"ini-ss","INI-SS","Institute of National Importance Super-Speciality Entrance Test","official_source_reviewed","/exam-logos/official-v1/f9b12d45fa2829cd8282bff2.webp","https://aiimsexams.ac.in/","https://aiimsexams.ac.in/_next/image?url=%2F_next%2Fstatic%2Fmedia%2Faiims_logo.37b13df2.webp&w=256&q=75",""
"iemjee","IEMJEE","Insitute of Engineering and Management Joint Entrance Exam","official_source_reviewed","/exam-logos/official-v1/27c462899ec54684301d394d.webp","https://exam.iem.edu.in/","https://exam.iem.edu.in/assets/img/IEM_Logo.png",""
"institute-of-banking-personnel-selection-clerk","IBPS Clerk","Institute of Banking Personnel Selection-Clerk","official_source_reviewed","/exam-logos/official-v1/726bb8d844cfe9fb83a01aa8.webp","https://capp.ibps.in/","https://capp.ibps.in/assets/images/logos/logo.png",""
"itm-nest","ITM NEST","Institute of Technology and Management National Entrance and Scholarship Test","official_source_reviewed","/exam-logos/official-v1/a2302e7416cb3afad77c648c.webp","https://www.itmuniversity.ac.in/","https://resources.itmuniversity.ac.in/assets/images/companylogo/Logo_2.png",""
"ipmat","IPMAT","Integrated Programme in Management Aptitude Test (IPMAT)","official_source_reviewed","/exam-logos/official-v1/9676ad0d2eaa3dbc6ac2e5f1.webp","https://iimidr.ac.in/programmes/academic-programmes/five-year-integrated-programme-in-management-ipm/ipm-admissions-details/","https://iimidr.ac.in/wp-content/uploads/2024/09/iimi-logo-web1.png",""
"ipmat-indore","IPM AT Indore","Integrated Programme in Management Aptitude Test - IIM Indore","official_source_reviewed","/exam-logos/official-v1/9676ad0d2eaa3dbc6ac2e5f1.webp","https://iimidr.ac.in/programmes/academic-programmes/five-year-integrated-programme-in-management-ipm/ipm-admissions-details/","https://iimidr.ac.in/wp-content/uploads/2024/09/iimi-logo-web1.png",""
"ipu-cet","IPU CET","Guru Gobind Singh Indraprastha University Common Entrance Test","official_source_reviewed","/exam-logos/official-v1/793b36b0759fbee98705a258.webp","https://www.ipu.ac.in/adm2026/adm2026main.php","https://www.ipu.ac.in/style/head_foot_img/220px-usemGuru_Gobind_Singh_Indraprastha_University12.png",""
"irmasat","IRMASAT","IRMA Social Awareness Test","official_source_reviewed","/exam-logos/official-v1/f66158f9da255070005b8da1.webp","https://admissions.irma.ac.in/admission/mba/admission-notice","https://admissions.irma.ac.in/images/logo.png",""
"isi-admission-test","ISI Admission Test","Indian Statistical Institute Admission Test","official_source_reviewed","/exam-logos/official-v1/3eddd4a582ef68be4c7b6643.webp","https://www.isical.ac.in/","https://www.isical.ac.in/isical_web/images/logo.png",""
"jain-jet","JET","JAIN Entrance Test","official_source_reviewed","/exam-logos/official-v1/2c42facc1cf033c7569f2ac4.webp","https://www.jainuniversity.ac.in/","https://www.jainuniversity.ac.in/jain/home/assets/images/ju-white-logo.png",""
"jmiee","JMIEE","Jamia Millia Islamia University Entrance entrance examination","existing_catalog_mark","https://aws-origin.dekhocampus.com/storage/v1/object/public/legacy-public-assets/sanitized/bottom-12-v1/f9/f9c5a8de2e2f8aed36495df27a7ebd3d23d9c66d94000c2fdc7d4382d7c075b6.webp","","https://aws-origin.dekhocampus.com/storage/v1/object/public/legacy-public-assets/sanitized/bottom-12-v1/f9/f9c5a8de2e2f8aed36495df27a7ebd3d23d9c66d94000c2fdc7d4382d7c075b6.webp",""
"jkpet","JKPET","Jammu and Kashmir Polytechnic Entrance Test","existing_catalog_mark","https://aws-origin.dekhocampus.com/storage/v1/object/public/legacy-public-assets/sanitized/bottom-12-v1/07/073425a64165315ce12fdbb4cf94031e83fe4e7d0d59b45190914a27a1230115.webp","","https://aws-origin.dekhocampus.com/storage/v1/object/public/legacy-public-assets/sanitized/bottom-12-v1/07/073425a64165315ce12fdbb4cf94031e83fe4e7d0d59b45190914a27a1230115.webp",""
"jipmer-pg","JIPMER PG","Jawaharlal Institute of Postgraduate Medical Education & Research (MD MS)","existing_catalog_mark","https://aws-origin.dekhocampus.com/storage/v1/object/public/legacy-public-assets/sanitized/bottom-12-v1/c6/c6b475278c654d8efcffa647464c0b222864fcebfbad93a1c3b66ee49e8ede11.webp","","https://aws-origin.dekhocampus.com/storage/v1/object/public/legacy-public-assets/sanitized/bottom-12-v1/c6/c6b475278c654d8efcffa647464c0b222864fcebfbad93a1c3b66ee49e8ede11.webp",""
"jawaharlal-nehru-university-combined-entrance-examination-for-biotechnology","JNU CEEB","Jawaharlal Nehru University Combined Entrance Examination for Biotechnology","official_source_reviewed","/exam-logos/official-v1/7722150eeadc05d0350e831d.webp","https://jnu.ac.in/admissions","https://jnu.ac.in/sites/default/files/logo_0.png",""
"jcece-agriculture","JCECE","Jharkhand Combined Entrance Competitive Examination for Agriculture and Allied Courses","official_source_reviewed","/exam-logos/official-v1/342cf40b5b4ddfabc74b2d1c.webp","https://jceceb.jharkhand.gov.in/","https://jceceb.jharkhand.gov.in/assets/img/jcecebLogo.png",""
"wbjee-jeca","JECA","Joint Entrance for Computer Applications","official_source_reviewed","/exam-logos/official-v1/79bea5608067e790c3a8d0f3.webp","https://wbjeeb.nic.in/","https://cdnbbsr.s3waas.gov.in/s3d2a27e83d429f0dcae6b937cf440aeb1/uploads/2022/02/2022021879.jpg",""
"jee-advanced","JEE Advanced","Joint Entrance Examination (Advanced)","official_source_reviewed","/exam-logos/official-v1/b5a3ce3b78d5276f323522b7.webp","https://jeeadv.ac.in/","https://jeeadv.ac.in/images/logo2026.png",""
"jee-mains","JEE Main","Joint Entrance Examination (Main)","official_source_reviewed","/exam-logos/official-v1/79ccf53f16e85a28a9b90286.webp","https://nta.ac.in/cuetexam","https://nta.ac.in/img/NTA_logo.png",""
"jeecup","JEECUP","Uttar Pradesh Joint Entrance Examination (Polytechnic)","official_source_reviewed","/exam-logos/official-v1/cd2c14c6f2736af0b2038279.webp","https://jeecup.admissions.nic.in/","https://cdnbbsr.s3waas.gov.in/s325db67c5657914454081c6a18e93d6dd/uploads/2022/01/2022012945.png",""
"wbjee-jelet","JELET","Joint Entrance for Lateral Entry","official_source_reviewed","/exam-logos/official-v1/79bea5608067e790c3a8d0f3.webp","https://wbjeeb.nic.in/","https://cdnbbsr.s3waas.gov.in/s3d2a27e83d429f0dcae6b937cf440aeb1/uploads/2022/02/2022021879.jpg",""
"jemas-pg","JEMAS(PG)","Joint Entrance for Medical and Allied Sciences Postgraduate Courses","official_source_reviewed","/exam-logos/official-v1/79bea5608067e790c3a8d0f3.webp","https://wbjeeb.nic.in/","https://cdnbbsr.s3waas.gov.in/s3d2a27e83d429f0dcae6b937cf440aeb1/uploads/2022/02/2022021879.jpg",""
"jemscn","JEMScN","Joint Entrance for Master of Science Nursing","official_source_reviewed","/exam-logos/official-v1/79bea5608067e790c3a8d0f3.webp","https://wbjeeb.nic.in/","https://cdnbbsr.s3waas.gov.in/s3d2a27e83d429f0dcae6b937cf440aeb1/uploads/2022/02/2022021879.jpg",""
"jenpas-ug","JENPAS UG","Joint Entrance Test for Nursing, Paramedical and Allied Sciences Undergraduate Courses","official_source_reviewed","/exam-logos/official-v1/79bea5608067e790c3a8d0f3.webp","https://wbjeeb.nic.in/","https://cdnbbsr.s3waas.gov.in/s3d2a27e83d429f0dcae6b937cf440aeb1/uploads/2022/02/2022021879.jpg",""
"jepbn","JEPBN","Joint Entrance for Post Basic Nursing","official_source_reviewed","/exam-logos/official-v1/79bea5608067e790c3a8d0f3.webp","https://wbjeeb.nic.in/","https://cdnbbsr.s3waas.gov.in/s3d2a27e83d429f0dcae6b937cf440aeb1/uploads/2022/02/2022021879.jpg",""
"jest","JEST","Joint Entrance Screening Test","official_source_reviewed","/exam-logos/official-v1/da83265677e132848a8650e3.webp","https://www.jest.org.in/","https://www.jest.org.in/sites/default/files/logo_jest2026_web2.svg",""
"jharkhand-bed-entrance","Jharkhand B.Ed","Jharkhand B.Ed Combined Entrance Competitive Examination","official_source_reviewed","/exam-logos/official-v1/342cf40b5b4ddfabc74b2d1c.webp","https://jceceb.jharkhand.gov.in/","https://jceceb.jharkhand.gov.in/assets/img/jcecebLogo.png",""
"jharkhand-bped-entrance","Jharkhand B.P.Ed","Jharkhand B.P.Ed Combined Entrance Competitive Examination","official_source_reviewed","/exam-logos/official-v1/342cf40b5b4ddfabc74b2d1c.webp","https://jceceb.jharkhand.gov.in/","https://jceceb.jharkhand.gov.in/assets/img/jcecebLogo.png",""
"jcece","JCECE","Jharkhand Combined Entrance Competitive Examination (JCECE)","official_source_reviewed","/exam-logos/official-v1/342cf40b5b4ddfabc74b2d1c.webp","https://jceceb.jharkhand.gov.in/","https://jceceb.jharkhand.gov.in/assets/img/jcecebLogo.png",""
"jharkhand-diploma-le","Jharkhand Diploma LE","Jharkhand Diploma Entrance Competitive Examination (Lateral Entry)","official_source_reviewed","/exam-logos/official-v1/342cf40b5b4ddfabc74b2d1c.webp","https://jceceb.jharkhand.gov.in/","https://jceceb.jharkhand.gov.in/assets/img/jcecebLogo.png",""
"jharkhand-engineering-le","Jharkhand Engineering LE","Jharkhand Engineering Entrance Competitive Examination (Lateral Entry)","official_source_reviewed","/exam-logos/official-v1/342cf40b5b4ddfabc74b2d1c.webp","https://jceceb.jharkhand.gov.in/","https://jceceb.jharkhand.gov.in/assets/img/jcecebLogo.png",""
"jharkhand-med-entrance","Jharkhand M.Ed","Jharkhand M.Ed Combined Entrance Competitive Examination","official_source_reviewed","/exam-logos/official-v1/342cf40b5b4ddfabc74b2d1c.webp","https://jceceb.jharkhand.gov.in/","https://jceceb.jharkhand.gov.in/assets/img/jcecebLogo.png",""
"jharkhand-pece","PECE","Jharkhand Polytechnic Entrance Competitive Examination","official_source_reviewed","/exam-logos/official-v1/342cf40b5b4ddfabc74b2d1c.webp","https://jceceb.jharkhand.gov.in/","https://jceceb.jharkhand.gov.in/assets/img/jcecebLogo.png",""
"jipmat","JIPMAT","Joint Integrated Programme in Management Admission Test","official_source_reviewed","/exam-logos/official-v1/79ccf53f16e85a28a9b90286.webp","https://nta.ac.in/cuetexam","https://nta.ac.in/img/NTA_logo.png",""
"jkcet","JKCET","Jammu and Kashmir Common Entrance Test","official_source_reviewed","/exam-logos/official-v1/8d665f84d7d9a1fa9744acc7.webp","https://www.jkbopee.gov.in/","https://jkbopee.gov.in/imgn/jkbopee.jpg",""
"jmi-ba-llb","JMI B.A. LL.B.","Jamia Millia Islamia B.A. LL.B. Entrance Examination","official_source_reviewed","/exam-logos/official-v1/3e3988765d21f67b15999317.webp","https://admission.jmi.ac.in/","https://jmi.ac.in/assets/images/logo/logo.svg",""
"jmi-bed","JMI B.Ed","Jamia Millia Islamia Bachelor of Education Entrance Examination","official_source_reviewed","/exam-logos/official-v1/3e3988765d21f67b15999317.webp","https://admission.jmi.ac.in/","https://jmi.ac.in/assets/images/logo/logo.svg",""
"jmi-mba","JMI MBA","Jamia Millia Islamia Master of Business Administration Entrance Examination","official_source_reviewed","/exam-logos/official-v1/3e3988765d21f67b15999317.webp","https://admission.jmi.ac.in/","https://jmi.ac.in/assets/images/logo/logo.svg",""
"jmi-mca","JMI MCA","Jamia Millia Islamia Master of Computer Applications Entrance Examination","official_source_reviewed","/exam-logos/official-v1/3e3988765d21f67b15999317.webp","https://admission.jmi.ac.in/","https://jmi.ac.in/assets/images/logo/logo.svg",""
"joint-admission-test-for-masters","IIT JAM","Joint Admission Test for Masters","existing_catalog_mark","https://aws-origin.dekhocampus.com/storage/v1/object/public/legacy-public-assets/sanitized/bottom-12-v1/71/71ebd95df6ee76ae6db4c6f3ab69f1c9e89067d6775250659ca8fd24fd6ee035.webp","","https://aws-origin.dekhocampus.com/storage/v1/object/public/legacy-public-assets/sanitized/bottom-12-v1/71/71ebd95df6ee76ae6db4c6f3ab69f1c9e89067d6775250659ca8fd24fd6ee035.webp",""
"csir-ugc-net-june-2026","CSIR-UGC NET","Joint CSIR-University Grants Commission National Eligibility Test - June","official_source_reviewed","/exam-logos/official-v1/79ccf53f16e85a28a9b90286.webp","https://nta.ac.in/cuetexam","https://nta.ac.in/img/NTA_logo.png",""
"jexpo","JEXPO","Joint Entrance Exam for Polytechnics","official_source_reviewed","/exam-logos/official-v1/a8d4a144026c67e886db2a7c.webp","https://webscte.co.in/","https://webscte.co.in/assets/image/logo.png",""
"jee-mains-2","JEE-Mains - Session 2","Joint Entrance Examination (Mains) - Session 2","existing_catalog_mark","https://aws-origin.dekhocampus.com/storage/v1/object/public/legacy-public-assets/sanitized/bottom-12-v1/80/80f5c6347d7794221f803a436d8fa1699ca04017928282e284dcb819c5340f83.webp","","https://aws-origin.dekhocampus.com/storage/v1/object/public/legacy-public-assets/sanitized/bottom-12-v1/80/80f5c6347d7794221f803a436d8fa1699ca04017928282e284dcb819c5340f83.webp",""
"wb-jemat","WB JEMAT","Joint Entrance Management Aptitude Test","existing_catalog_mark","https://aws-origin.dekhocampus.com/storage/v1/object/public/legacy-public-assets/sanitized/bottom-12-v1/c9/c9ee018dec7fa9ba6c1dfef265c04ad0a28f13521b15c1520544bc82f002b552.webp","","https://aws-origin.dekhocampus.com/storage/v1/object/public/legacy-public-assets/sanitized/bottom-12-v1/c9/c9ee018dec7fa9ba6c1dfef265c04ad0a28f13521b15c1520544bc82f002b552.webp",""
"jset","JSET","Joint Entrance Screening Test","official_source_reviewed","/exam-logos/official-v1/da83265677e132848a8650e3.webp","https://www.jest.org.in/","https://www.jest.org.in/sites/default/files/logo_jest2026_web2.svg",""
"joint-integrated-programme-in-management-admission-test","JIPMAT","Joint Integrated Programme in Management Admission Test","official_source_reviewed","/exam-logos/official-v1/79ccf53f16e85a28a9b90286.webp","https://nta.ac.in/cuetexam","https://nta.ac.in/img/NTA_logo.png",""
"jpsc-combined-civil-services","JPSC Combined Civil Services","Jharkhand Combined Civil Services Examination","unresolved","","","","Official image path returned a loading animation, not the commission logo; rejected during visual review."
"kalinga-institute-of-industrial-technology-entrance-exam","KIITEE","Kalinga Institute of Industrial Technology Entrance Exam","existing_catalog_mark","https://aws-origin.dekhocampus.com/storage/v1/object/public/legacy-public-assets/sanitized/bottom-12-v1/f7/f74193858641247900e3a3879e9ee63c526714903f3e374e744b759304e1081a.webp","","https://aws-origin.dekhocampus.com/storage/v1/object/public/legacy-public-assets/sanitized/bottom-12-v1/f7/f74193858641247900e3a3879e9ee63c526714903f3e374e744b759304e1081a.webp",""
"karnataka-dcet","DCET","Karnataka Diploma Common Entrance Test","official_source_reviewed","/exam-logos/official-v1/6c147de399c18b27191d67bd.webp","https://cetonline.karnataka.gov.in/kea/","https://cetonline.karnataka.gov.in/kea/assets/logos/kealogo.png",""
"kmat","KMAT","Karnataka Management Aptitude Test","official_source_reviewed","/exam-logos/official-v1/20200f0837fbdedb999b97a4.webp","https://www.kmatindia.com/","https://www.kmatindia.com/img/logo.jpg",""
"karnataka-pgcet","Karnataka PGCET","Karnataka Post Graduate Common Entrance Test","official_source_reviewed","/exam-logos/official-v1/6c147de399c18b27191d67bd.webp","https://cetonline.karnataka.gov.in/kea/","https://cetonline.karnataka.gov.in/kea/assets/logos/kealogo.png",""
"karnataka-state-eligibility-test","KSET","Karnataka State Eligibility Test","official_source_reviewed","/exam-logos/official-v1/6c147de399c18b27191d67bd.webp","https://cetonline.karnataka.gov.in/kea/","https://cetonline.karnataka.gov.in/kea/assets/logos/kealogo.png",""
"kcet","KCET","Karnataka Common Entrance Test (KCET)","official_source_reviewed","/exam-logos/official-v1/6c147de399c18b27191d67bd.webp","https://cetonline.karnataka.gov.in/kea/","https://cetonline.karnataka.gov.in/kea/assets/logos/kealogo.png",""
"keam","KEAM","Kerala Engineering, Architecture and Medical Entrance Examination (KEAM)","official_source_reviewed","/exam-logos/official-v1/0f8f26e1cb8c2bb94a84bbf7.webp","https://cee.kerala.gov.in/pgnonline2026/","https://cee.kerala.gov.in/cee/img/gov_png.png",""
"kerala-kas","Kerala KAS","Kerala Administrative Service Examination","official_source_reviewed","/exam-logos/official-v1/33c24ed9f93018c92574e17d.webp","https://www.keralapsc.gov.in/kerala-administrative-service","https://www.keralapsc.gov.in/sites/default/files/logo-kpsc.png",""
"klee","KLEE","Kerala Law Entrance Exam","official_source_reviewed","/exam-logos/official-v1/0f8f26e1cb8c2bb94a84bbf7.webp","https://cee.kerala.gov.in/pgnonline2026/","https://cee.kerala.gov.in/cee/img/gov_png.png",""
"kerala-llm","Kerala LL.M","Kerala LL.M Entrance Examination","official_source_reviewed","/exam-logos/official-v1/0f8f26e1cb8c2bb94a84bbf7.webp","https://cee.kerala.gov.in/pgnonline2026/","https://cee.kerala.gov.in/cee/img/gov_png.png",""
"kerala-pg-nursing","Kerala PG Nursing","Kerala Post Graduate Degree in Nursing Entrance Examination","official_source_reviewed","/exam-logos/official-v1/0f8f26e1cb8c2bb94a84bbf7.webp","https://cee.kerala.gov.in/pgnonline2026/","https://cee.kerala.gov.in/cee/img/gov_png.png",""
"kerala-set","Kerala SET","Kerala State Eligibility Test","official_source_reviewed","/exam-logos/official-v1/79fd28c0292ee803300b49eb.webp","https://lbscentre.kerala.gov.in/","https://lbscentre.kerala.gov.in/images/logo.png",""
"kiitee","KIITEE","Kalinga Institute of Industrial Technology Entrance Examination","existing_catalog_mark","https://aws-origin.dekhocampus.com/storage/v1/object/public/legacy-public-assets/sanitized/bottom-12-v1/f7/f74193858641247900e3a3879e9ee63c526714903f3e374e744b759304e1081a.webp","","https://aws-origin.dekhocampus.com/storage/v1/object/public/legacy-public-assets/sanitized/bottom-12-v1/f7/f74193858641247900e3a3879e9ee63c526714903f3e374e744b759304e1081a.webp",""
"kvpy","KVPY","Kishore Vaigyanik Protsahan Yojana","official_source_reviewed","/exam-logos/official-v1/9960d280babaa575563474a0.webp","https://iisc.ac.in/","https://www.iisc.ac.in/wp-content/uploads/2016/06/logo-iisc.png",""
"klee-3-year-llb","KLEE 3-Year LL.B.","Kerala Law Entrance Examination for Three-Year LL.B.","official_source_reviewed","/exam-logos/official-v1/0f8f26e1cb8c2bb94a84bbf7.webp","https://cee.kerala.gov.in/pgnonline2026/","https://cee.kerala.gov.in/cee/img/gov_png.png",""
"klee-5-year-llb","KLEE 5-Year LL.B.","Kerala Law Entrance Examination for Integrated Five-Year LL.B.","official_source_reviewed","/exam-logos/official-v1/0f8f26e1cb8c2bb94a84bbf7.webp","https://cee.kerala.gov.in/pgnonline2026/","https://cee.kerala.gov.in/cee/img/gov_png.png",""
"kleee","KLEEE","KL Engineering Entrance Examination","official_source_reviewed","/exam-logos/official-v1/76e664dc476dcad3b33206f4.webp","https://www.kluniversity.in/","https://www.kluniversity.in/img/KLU-Hedder-main.jpg",""
"kmat-karnataka","KMAT Karnataka","Karnataka Management Aptitude Test","official_source_reviewed","/exam-logos/official-v1/20200f0837fbdedb999b97a4.webp","https://www.kmatindia.com/","https://www.kmatindia.com/img/logo.jpg",""
"kmat-kerala","KMAT Kerala","Kerala Management Aptitude Test","official_source_reviewed","/exam-logos/official-v1/0f8f26e1cb8c2bb94a84bbf7.webp","https://cee.kerala.gov.in/pgnonline2026/","https://cee.kerala.gov.in/cee/img/gov_png.png",""
"kpsc-kas","KPSC KAS","Karnataka Administrative Service / Gazetted Probationers Examination","unresolved","","","","Official KPSC host returned malformed HTTP headers; HTTP retry timed out. No alternative official mark verified."
"ks-dat","KS-DAT","Kerala State Design Aptitude Test","official_source_reviewed","/exam-logos/official-v1/79fd28c0292ee803300b49eb.webp","https://lbsapplications.kerala.gov.in/ksdat2026/","https://lbsapplications.kerala.gov.in/ksdat2026/images/logo.png",""
"kset","KSET","Karnataka State Eligibility Test","official_source_reviewed","/exam-logos/official-v1/6c147de399c18b27191d67bd.webp","https://cetonline.karnataka.gov.in/kea/","https://cetonline.karnataka.gov.in/kea/assets/logos/kealogo.png",""
"kuat-entrance-exam","KUAT","KUAT Entrance Exam","official_source_reviewed","/exam-logos/official-v1/ac513f8f3dec0b069902c44d.webp","https://karnavatiuniversity.edu.in/application/","https://karnavatiuniversity.edu.in/wp-content/uploads/2025/12/KU-X-NAAC-A-Logo_Web-01.webp",""
"law-faculty-admission-test","LFAT","Law Faculty Admission Test","existing_catalog_mark","https://aws-origin.dekhocampus.com/storage/v1/object/public/legacy-public-assets/sanitized/bottom-12-v1/74/74cf14db114badb83b75fe4c2af9d880d5dea82fdae3de638960bfd934f83c62.webp","","https://aws-origin.dekhocampus.com/storage/v1/object/public/legacy-public-assets/sanitized/bottom-12-v1/74/74cf14db114badb83b75fe4c2af9d880d5dea82fdae3de638960bfd934f83c62.webp",""
"lsat","LSAT","Law School Admission Test","official_source_reviewed","/exam-logos/official-v1/fc40a6f1e7f5e49b5c25156a.webp","https://www.lsac.org/lsat","https://www.lsac.org/themes/custom/lsac/images/logo.png",""
"lic-aao","LIC AAO","LIC Assistant Administrative Officer Recruitment Examination","official_source_reviewed","/exam-logos/official-v1/aa60838c1fef267390c23aff.webp","https://licindia.in/","https://licindia.in/documents/d/guest/lic_log_updated",""
"lpunest","LPUNEST","Lovely Professional University National Entrance and Scholarship Test","official_source_reviewed","/exam-logos/official-v1/83ffd6cbec4c0bbe93b916ce.webp","https://www.lpu.in/nest/","https://www.lpu.in/images/logo/LPU-logo-dark.svg",""
"lucknow-university-enterence-exam","Lucknow University Entrance Exam","LUCKNOW UNIVERSITY ENTERENCE EXAM","official_source_reviewed","/exam-logos/official-v1/00664c4b2390af69f516e0a1.webp","https://www.lkouniv.ac.in/","https://www.lkouniv.ac.in/images/footlogo.png",""
"madhya-pradesh-pre-polytechnic-test","MP PPT","Madhya Pradesh Pre Polytechnic Test","existing_catalog_mark","https://aws-origin.dekhocampus.com/storage/v1/object/public/legacy-public-assets/sanitized/bottom-12-v1/6c/6c3ab5a21fc4e53c4f6f8138d459a39d20730b8f84e9aa4924def8565c95bbba.webp","","https://aws-origin.dekhocampus.com/storage/v1/object/public/legacy-public-assets/sanitized/bottom-12-v1/6c/6c3ab5a21fc4e53c4f6f8138d459a39d20730b8f84e9aa4924def8565c95bbba.webp",""
"madhya-pradesh-public-service-commission","MPPSC","Madhya Pradesh Public Service Commission","official_source_reviewed","/exam-logos/official-v1/170bfba1cf929b63da1182ab.webp","https://mppsc.mp.gov.in/","https://mppsc.mp.gov.in//assets/img/logo.png",""
"mah-aac-cet","MAH AAC CET","Maharashtra Applied Arts and Crafts Common Entrance Test","official_source_reviewed","/exam-logos/official-v1/87259f471cf3e25a8bf0251f.webp","https://cetcell.mahacet.org/","https://cetcell.mahacet.org/wp-content/uploads/2025/01/Seal_of_Maharashtra.svg.png-removebg-preview.png",""
"mah-bdesign-cet","MAH B.Design CET","Maharashtra Bachelor of Design Common Entrance Test","official_source_reviewed","/exam-logos/official-v1/87259f471cf3e25a8bf0251f.webp","https://cetcell.mahacet.org/","https://cetcell.mahacet.org/wp-content/uploads/2025/01/Seal_of_Maharashtra.svg.png-removebg-preview.png",""
"mah-bed-cet","MAH B.Ed CET","Maharashtra Bachelor of Education Common Entrance Test","official_source_reviewed","/exam-logos/official-v1/87259f471cf3e25a8bf0251f.webp","https://cetcell.mahacet.org/","https://cetcell.mahacet.org/wp-content/uploads/2025/01/Seal_of_Maharashtra.svg.png-removebg-preview.png",""
"mah-bed-med-integrated-cet","MAH B.Ed-M.Ed CET","Maharashtra B.Ed-M.Ed Integrated Common Entrance Test","official_source_reviewed","/exam-logos/official-v1/87259f471cf3e25a8bf0251f.webp","https://cetcell.mahacet.org/","https://cetcell.mahacet.org/wp-content/uploads/2025/01/Seal_of_Maharashtra.svg.png-removebg-preview.png",""
"mah-bped-cet","MAH B.P.Ed CET","Maharashtra Bachelor of Physical Education Common Entrance Test","official_source_reviewed","/exam-logos/official-v1/87259f471cf3e25a8bf0251f.webp","https://cetcell.mahacet.org/","https://cetcell.mahacet.org/wp-content/uploads/2025/01/Seal_of_Maharashtra.svg.png-removebg-preview.png",""
"mah-bba-bca-bms-bbm-cet","MAH BBA/BCA/BMS/BBM CET","Maharashtra Common Entrance Test for BBA, BCA, BMS, BBM and BHMCT Routes","official_source_reviewed","/exam-logos/official-v1/87259f471cf3e25a8bf0251f.webp","https://cetcell.mahacet.org/","https://cetcell.mahacet.org/wp-content/uploads/2025/01/Seal_of_Maharashtra.svg.png-removebg-preview.png",""
"mah-llb-3-year-cet","MAH LL.B. 3-Year CET","Maharashtra Common Entrance Test for 3-Year LL.B.","official_source_reviewed","/exam-logos/official-v1/87259f471cf3e25a8bf0251f.webp","https://cetcell.mahacet.org/","https://cetcell.mahacet.org/wp-content/uploads/2025/01/Seal_of_Maharashtra.svg.png-removebg-preview.png",""
"mah-llb-5-year-cet","MAH LL.B. 5-Year CET","Maharashtra Common Entrance Test for 5-Year LL.B.","official_source_reviewed","/exam-logos/official-v1/87259f471cf3e25a8bf0251f.webp","https://cetcell.mahacet.org/","https://cetcell.mahacet.org/wp-content/uploads/2025/01/Seal_of_Maharashtra.svg.png-removebg-preview.png",""
"mah-med-cet","MAH M.Ed CET","Maharashtra Master of Education Common Entrance Test","official_source_reviewed","/exam-logos/official-v1/87259f471cf3e25a8bf0251f.webp","https://cetcell.mahacet.org/","https://cetcell.mahacet.org/wp-content/uploads/2025/01/Seal_of_Maharashtra.svg.png-removebg-preview.png",""
"mah-mhmct-cet","MAH M.HMCT CET","Maharashtra Master of Hotel Management and Catering Technology Common Entrance Test","official_source_reviewed","/exam-logos/official-v1/87259f471cf3e25a8bf0251f.webp","https://cetcell.mahacet.org/","https://cetcell.mahacet.org/wp-content/uploads/2025/01/Seal_of_Maharashtra.svg.png-removebg-preview.png",""
"mah-mped-cet","MAH M.P.Ed CET","Maharashtra Master of Physical Education Common Entrance Test","official_source_reviewed","/exam-logos/official-v1/87259f471cf3e25a8bf0251f.webp","https://cetcell.mahacet.org/","https://cetcell.mahacet.org/wp-content/uploads/2025/01/Seal_of_Maharashtra.svg.png-removebg-preview.png",""
"mah-mba-mms-cet","MAH MBA/MMS CET","Maharashtra MBA/MMS Common Entrance Test","official_source_reviewed","/exam-logos/official-v1/87259f471cf3e25a8bf0251f.webp","https://cetcell.mahacet.org/","https://cetcell.mahacet.org/wp-content/uploads/2025/01/Seal_of_Maharashtra.svg.png-removebg-preview.png",""
"mah-mca-cet","MAH MCA CET","Maharashtra MCA Common Entrance Test","official_source_reviewed","/exam-logos/official-v1/87259f471cf3e25a8bf0251f.webp","https://cetcell.mahacet.org/","https://cetcell.mahacet.org/wp-content/uploads/2025/01/Seal_of_Maharashtra.svg.png-removebg-preview.png",""
"mah-b-hmct-cet","MAH B.HMCT CET","Maharashtra Bachelor of Hotel Management and Catering Technology Common Entrance Test","official_source_reviewed","/exam-logos/official-v1/87259f471cf3e25a8bf0251f.webp","https://cetcell.mahacet.org/","https://cetcell.mahacet.org/wp-content/uploads/2025/01/Seal_of_Maharashtra.svg.png-removebg-preview.png",""
"maharashtra-common-entrance-test","MHT CET","Maharashtra Common Entrance Test","official_source_reviewed","/exam-logos/official-v1/ff8c39332384bba34a1cd05a.webp","https://cetcell.mahacet.org/cms-notices/","https://cetcell.mahacet.org/wp-content/uploads/2025/01/Seal_of_Maharashtra.svg.png-removebg-preview.png.webp",""
"mah-mba-cet","MAH MBA CET","Maharashtra Common Entrance Test for MBA/MMS","official_source_reviewed","/exam-logos/official-v1/87259f471cf3e25a8bf0251f.webp","https://cetcell.mahacet.org/","https://cetcell.mahacet.org/wp-content/uploads/2025/01/Seal_of_Maharashtra.svg.png-removebg-preview.png",""
"mcaer-pgcat","MCAER PGCAT","Maharashtra Council of Agriculture Education and Research Post-Graduate Common Entrance Test","existing_catalog_mark","https://aws-origin.dekhocampus.com/storage/v1/object/public/legacy-public-assets/sanitized/bottom-12-v1/ca/ca5ec08311e330e70382cd2c6c97e7a06a31d1f0d993ef5fc931066dec811e8d.webp","","https://aws-origin.dekhocampus.com/storage/v1/object/public/legacy-public-assets/sanitized/bottom-12-v1/ca/ca5ec08311e330e70382cd2c6c97e7a06a31d1f0d993ef5fc931066dec811e8d.webp",""
"mdu-cee","MDU CEE","Maharshi Dayanand University Common Entrance Exam","official_source_reviewed","/exam-logos/official-v1/c134ec5ffe3a3f197336f784.webp","https://mdu.ac.in/","https://mdu.ac.in/Imgs/logo%20colored%20transparent244x221.png",""
"mrnat","MRNAT","Manav Rachna National Aptitude Test","official_source_reviewed","/exam-logos/official-v1/efe58c982db681c565a4ba20.webp","https://manavrachna.edu.in/mru/admissions","https://manavrachna.edu.in/assets/images/MR-logo.png",""
"mu-oet","MU OET","Manipal University Online Entrance Test","official_source_reviewed","/exam-logos/official-v1/c0a66fdc484286c11e3091f2.webp","https://www.manipal.edu/mu/admission/indian-students/online-entrance-exam-overview/overview.html","https://www.manipal.edu/content/dam/manipal/mu/mcops-manipal/Images_new/MAHE_Color.svg",""
"mat","MAT","Management Aptitude Test (MAT)","official_source_reviewed","/exam-logos/official-v1/8b2c277b0c1419494158d6da.webp","https://www.aima.in/content/testing-and-assessment/ugat/information-to-candidates-for-ugat","https://www.aima.in/img/logo.png",""
"met","MET","Manipal Entrance Test","official_source_reviewed","/exam-logos/official-v1/c0a66fdc484286c11e3091f2.webp","https://www.manipal.edu/mu/admission/indian-students/online-entrance-exam-overview/overview.html","https://www.manipal.edu/content/dam/manipal/mu/mcops-manipal/Images_new/MAHE_Color.svg",""
"mh-nursing-cet","MH Nursing CET","Maharashtra Nursing Common Entrance Test","official_source_reviewed","/exam-logos/official-v1/87259f471cf3e25a8bf0251f.webp","https://cetcell.mahacet.org/","https://cetcell.mahacet.org/wp-content/uploads/2025/01/Seal_of_Maharashtra.svg.png-removebg-preview.png",""
"mh-set","MH-SET","Maharashtra State Eligibility Test","official_source_reviewed","/exam-logos/official-v1/1572a3e8da792004fdd8b3c6.webp","https://setexam.unipune.ac.in/","https://setexam.unipune.ac.in/Images/Univ_New_Logo.JPG",""
"mht-cet","MHT CET","Maharashtra Common Entrance Test (MHT CET)","official_source_reviewed","/exam-logos/official-v1/87259f471cf3e25a8bf0251f.webp","https://cetcell.mahacet.org/","https://cetcell.mahacet.org/wp-content/uploads/2025/01/Seal_of_Maharashtra.svg.png-removebg-preview.png",""
"micat","MICAT","MICA Admission Test (MICAT)","official_source_reviewed","/exam-logos/official-v1/2bb6c23c0b78a31b939927bc.webp","https://www.mica.ac.in/admissions/","https://www.mica.ac.in/wp-content/uploads/2025/03/MICA-LOGO-1.svg",""
"mitid-dat","MITID DAT","MIT Institute of Design Design Aptitude Test","official_source_reviewed","/exam-logos/official-v1/53db38aed564bd48f5d5afc2.webp","https://www.mitid.edu.in/important-dates/","https://www.mitid.edu.in/wp-content/uploads/2021/09/logo_27_10_2025.jpg",""
"mp-addet","ADDET","Madhya Pradesh Animal Husbandry and Dairy Technology Diploma Entrance Test","official_source_reviewed","/exam-logos/official-v1/c5f14969a77bf2db06608175.webp","https://esb.mp.gov.in/header.html","https://esb.mp.gov.in/new_look_images/new_logo.jpg",""
"mp-pat","MP PAT","Madhya Pradesh Pre-Agriculture Test","official_source_reviewed","/exam-logos/official-v1/c5f14969a77bf2db06608175.webp","https://esb.mp.gov.in/header.html","https://esb.mp.gov.in/new_look_images/new_logo.jpg",""
"mp-pnst","MP PNST","Madhya Pradesh Pre-Nursing Selection Test","official_source_reviewed","/exam-logos/official-v1/c5f14969a77bf2db06608175.webp","https://esb.mp.gov.in/header.html","https://esb.mp.gov.in/new_look_images/new_logo.jpg",""
"mp-set","MP SET","Madhya Pradesh State Eligibility Test","official_source_reviewed","/exam-logos/official-v1/170bfba1cf929b63da1182ab.webp","https://mppsc.mp.gov.in/","https://mppsc.mp.gov.in//assets/img/logo.png",""
"mppsc-state-service","MPPSC State Service Examination","Madhya Pradesh Public Service Commission State Service Examination","official_source_reviewed","/exam-logos/official-v1/170bfba1cf929b63da1182ab.webp","https://mppsc.mp.gov.in/","https://mppsc.mp.gov.in//assets/img/logo.png",""
"mpsc-civil-services","MPSC Civil Services","Maharashtra Civil Services Gazetted Group A & Group B Examination","official_source_reviewed","/exam-logos/official-v1/bced53246c38baa9e5c17933.webp","https://mpsc.gov.in/","https://mpsc.gov.in/static/media/logo.7a984172.png",""
"mucmet","MUCMET","Mumbai University Common Management Entrance Test","official_source_reviewed","/exam-logos/official-v1/9d931a9aa11114f91f9d245a.webp","https://mu.ac.in/","https://mu.ac.in/images/logo-gold.png",""
"nabard-development-assistant","NABARD Development Assistant","NABARD Development Assistant / Development Assistant Hindi Recruitment Examination","official_source_reviewed","/exam-logos/official-v1/e970cd42d3715e4371e0c11b.webp","https://www.nabard.org/careers-notices1.aspx?cid=693&id=26","https://www.nabard.org/images/NABARD-logo.png",""
"nabard-grade-a","NABARD Grade A","NABARD Assistant Manager Grade A Recruitment Examination","official_source_reviewed","/exam-logos/official-v1/4823ba6f22e02f71b8887848.webp","https://www.nabard.org/","https://www.nabard.org/Hindi/images/nabard-hindi-logo.png",""
"nata","NATA","National Aptitude Test in Architecture (NATA)","official_source_reviewed","/exam-logos/official-v1/2f839b4a216ade2bcb03f0af.webp","https://www.nata.in/","https://www.nata.in/assets/img/natablack.png",""
"nchmct-jee","NCHMCT JEE","National Council for Hotel Management Joint Entrance Examination (NCHM JEE)","official_source_reviewed","/exam-logos/official-v1/79ccf53f16e85a28a9b90286.webp","https://nta.ac.in/cuetexam","https://nta.ac.in/img/NTA_logo.png",""
"uspc-nda-and-na","USPC NDA & NA","National Defence Academy and Naval Academy Examination","official_source_reviewed","/exam-logos/official-v1/6694825c2f3792caa3545f02.webp","https://exams.nta.nic.in/aiapget/","https://exams.nta.nic.in/wp-content/themes/sdo-theme/images/emblem.svg",""
"nhtet","NHTET","National Hospitality Teachers Eligibility Test","existing_catalog_mark","https://aws-origin.dekhocampus.com/storage/v1/object/public/legacy-public-assets/sanitized/bottom-12-v1/85/858a66501787fecab78945f7c1d4c2701fbd9828fd7b057b84788d5d4d0cf3b0.webp","","https://aws-origin.dekhocampus.com/storage/v1/object/public/legacy-public-assets/sanitized/bottom-12-v1/85/858a66501787fecab78945f7c1d4c2701fbd9828fd7b057b84788d5d4d0cf3b0.webp",""
"nrti-aat","NRTI AAT","National Rail and Transportation Institute","official_source_reviewed","/exam-logos/official-v1/b5fda207e712709cb1214e2d.webp","https://gsv.ac.in/entrance-test/","https://gsv.ac.in/themes/demo/assets/images/gs/footer-logo.png",""
"national-talent-search-examination","NTSE","National Talent Search Examination","existing_catalog_mark","https://aws-origin.dekhocampus.com/storage/v1/object/public/legacy-public-assets/sanitized/bottom-12-v1/e1/e162495b5537c2bf3a2e5c06398dc1f4d86ef18840552010095ff6eadf88cf5a.webp","","https://aws-origin.dekhocampus.com/storage/v1/object/public/legacy-public-assets/sanitized/bottom-12-v1/e1/e162495b5537c2bf3a2e5c06398dc1f4d86ef18840552010095ff6eadf88cf5a.webp",""
"ncet","NCET","National Common Entrance Test","official_source_reviewed","/exam-logos/official-v1/79ccf53f16e85a28a9b90286.webp","https://nta.ac.in/cuetexam","https://nta.ac.in/img/NTA_logo.png",""
"nchm-jee","NCHM JEE","National Council for Hotel Management Joint Entrance Examination","official_source_reviewed","/exam-logos/official-v1/79ccf53f16e85a28a9b90286.webp","https://nta.ac.in/cuetexam","https://nta.ac.in/img/NTA_logo.png",""
"neet-mds","NEET MDS","National Eligibility cum Entrance Test for Master of Dental Surgery (NEET MDS)","official_source_reviewed","/exam-logos/official-v1/32397b7a8d5ea2f2b9c04e3f.webp","https://natboard.edu.in/viewnbeexam?exam=pdcet","https://natboard.edu.in/tasveer/nbenewlogo.png",""
"neet-pg","NEET PG","National Eligibility cum Entrance Test for Postgraduate Medical Courses","official_source_reviewed","/exam-logos/official-v1/32397b7a8d5ea2f2b9c04e3f.webp","https://natboard.edu.in/viewnbeexam?exam=pdcet","https://natboard.edu.in/tasveer/nbenewlogo.png",""
"neet-ss","NEET SS","National Eligibility cum Entrance Test for Super Speciality (NEET SS)","official_source_reviewed","/exam-logos/official-v1/32397b7a8d5ea2f2b9c04e3f.webp","https://natboard.edu.in/viewnbeexam?exam=pdcet","https://natboard.edu.in/tasveer/nbenewlogo.png",""
"national-eligibility-cum-entrance-test-neet","NEET UG","National Eligibility cum Entrance Test (Undergraduate)","official_source_reviewed","/exam-logos/official-v1/79ccf53f16e85a28a9b90286.webp","https://nta.ac.in/cuetexam","https://nta.ac.in/img/NTA_logo.png",""
"nest","NEST","National Entrance Screening Test","official_source_reviewed","/exam-logos/official-v1/faac8a49c5631386eaa66f27.webp","https://www.nestexam.in/","https://www.nestexam.in/assets/img/nest-logo-sml.png",""
"nid-dat","NID DAT","National Institute of Design Design Aptitude Test","official_source_reviewed","/exam-logos/official-v1/5adbdbe59f2b2594ec02b158.webp","https://admissions.nid.edu/","https://admissions.nid.edu/NIDA2027/images/nid-logo.png",""
"nift-entrance","NIFT","National Institute of Fashion Technology Entrance Examination (NIFTEE)","official_source_reviewed","/exam-logos/official-v1/20b435c02c9c013ff2507548.webp","https://www.nift.ac.in/admissions","https://www.nift.ac.in/themes/nift/images/logo-main.png",""
"nift-ee","NIFT EE","NIFT Entrance Exam","official_source_reviewed","/exam-logos/official-v1/20b435c02c9c013ff2507548.webp","https://www.nift.ac.in/admissions","https://www.nift.ac.in/themes/nift/images/logo-main.png",""
"niftee","NIFTEE","National Institute of Fashion Technology Entrance Examination","official_source_reviewed","/exam-logos/official-v1/79ccf53f16e85a28a9b90286.webp","https://nta.ac.in/cuetexam","https://nta.ac.in/img/NTA_logo.png",""
"nimcet","NIMCET","NIT MCA Common Entrance Test","official_source_reviewed","/exam-logos/official-v1/8b3f84e1a26ffb08d6650bb7.webp","https://nimcet.admissions.nic.in/","https://cdnbbsr.s3waas.gov.in/s33e6260b81898beacda3d16db379ed329/uploads/2025/03/2025031961.png",""
"niper-jee","NIPER JEE","NIPER Joint Entrance Examination","official_source_reviewed","/exam-logos/official-v1/93245567ff67f13f7687ea47.webp","https://www.niper.gov.in/","https://www.niper.gov.in/themes/custom/niper/images/logo.jpg",""
"nmat","NMAT","NMAT by GMAC","unresolved","","","","Official MBA.com page blocked automated retrieval. Alternate GMAC paths returned 404; no exam-specific mark verified."
"nmims-cet","NMIMS CET","NMIMS Common Entrance Test","official_source_reviewed","/exam-logos/official-v1/0b433c3fea2d61c61ee1b09b.webp","https://ncet.nmims.edu/","https://ncet.nmims.edu/images/2026/logo-nmims.webp",""
"nmims-nlat","NLAT","NMIMS National Law Aptitude Test","official_source_reviewed","/exam-logos/official-v1/0b433c3fea2d61c61ee1b09b.webp","https://ncet.nmims.edu/","https://ncet.nmims.edu/images/2026/logo-nmims.webp",""
"nmims-npat","NPAT","NMIMS National Test for Programs After Twelfth","official_source_reviewed","/exam-logos/official-v1/0b433c3fea2d61c61ee1b09b.webp","https://npat.nmims.edu/","https://npat.nmims.edu/images/logo-nmims.webp",""
"ntet","NTET","National Teachers' Eligibility Test","official_source_reviewed","/exam-logos/official-v1/79ccf53f16e85a28a9b90286.webp","https://nta.ac.in/cuetexam","https://nta.ac.in/img/NTA_logo.png",""
"odisha-bed-entrance","Odisha B.Ed","Odisha Bachelor of Education Entrance Examination","official_source_reviewed","/exam-logos/official-v1/c04749d4da081e4b2340a484.webp","https://te.samsodisha.gov.in/","https://te.samsodisha.gov.in/teimages/sams-logo2.png",""
"odisha-bhed-entrance","Odisha B.H.Ed","Odisha Bachelor of Hindi Education Entrance Test","official_source_reviewed","/exam-logos/official-v1/c04749d4da081e4b2340a484.webp","https://te.samsodisha.gov.in/","https://te.samsodisha.gov.in/teimages/sams-logo2.png",""
"odisha-cpet","Odisha CPET","Odisha Common Post Graduate Entrance Test","official_source_reviewed","/exam-logos/official-v1/c04749d4da081e4b2340a484.webp","https://pg.samsodisha.gov.in/","https://pg.samsodisha.gov.in/pgimages/sams-logo2.png",""
"odisha-med-entrance","Odisha M.Ed","Odisha Master of Education Entrance Test","official_source_reviewed","/exam-logos/official-v1/c04749d4da081e4b2340a484.webp","https://te.samsodisha.gov.in/","https://te.samsodisha.gov.in/teimages/sams-logo2.png",""
"odisha-public-service-commission-civil-service","OPSC Civil Service Exam","Odisha Public Service Commission Civil Service","official_source_reviewed","/exam-logos/official-v1/dae0296d0adda2d5f613b045.webp","https://opsc.gov.in/Public/OPSC/Default.aspx","https://opsc.gov.in/images/govtlogo-trans_opsc.PNG",""
"ojee","OJEE","Odisha Joint Entrance Examination (OJEE)","official_source_reviewed","/exam-logos/official-v1/03558cf7fddd4aa7235282d1.webp","https://ojee.nic.in/","https://cdnbbsr.s3waas.gov.in/s36832a7b24bc06775d02b7406880b93fc/uploads/2022/01/2022013156.png",""
"opsc-ocs","OPSC OCS","Odisha Civil Services Examination","official_source_reviewed","/exam-logos/official-v1/dae0296d0adda2d5f613b045.webp","https://opsc.gov.in/Public/OPSC/Default.aspx","https://opsc.gov.in/images/govtlogo-trans_opsc.PNG",""
"ouat-entrance","OUAT Entrance","Odisha University of Agriculture and Technology Common Entrance Examination","official_source_reviewed","/exam-logos/official-v1/cf950c4c4ebc1dea33428cb5.webp","https://ouat.ac.in/","https://ouat.ac.in/wp-content/uploads/2023/08/OUAT-Kalinga-logo-design-final-png-1.png",""
"pafee","PAFEE","PAF Entrance Exam","official_source_reviewed","/exam-logos/official-v1/9f550914bc23dbd49a29edd5.webp","https://www.pearlacademy.com/admissions/entrance-exam","https://www.pearlacademy.com/assets/images/Pearl-white-logo.png",""
"puthat","PUTHAT","Panjab University Tourism & Hospitality Aptitude Test","official_source_reviewed","/exam-logos/official-v1/6dd53d89acb4e870013a8fc8.webp","https://www.puchd.ac.in/","https://www.puchd.ac.in/asset/pu-logo.png",""
"patna-university-cet","PATNA UNIVERSITY CET","Patna University Common Entrance Test","official_source_reviewed","/exam-logos/official-v1/f11575d4205a8ef066d290ff.webp","https://pup.ac.in/AdmissionPortal2026.aspx","https://pup.ac.in/images/PatnaUniversityLogo.png",""
"pau-aat","PAU AAT","Punjab Agricultural University Agriculture Aptitude Test","official_source_reviewed","/exam-logos/official-v1/cc895bb575eda24b44027525.webp","https://pau.edu/index.php?DO=viewBannerDetail&_act=manageBanner&intID=7301","https://pau.edu/images/logos/pau.png",""
"pau-cet","PAU CET","Punjab Agricultural University Common Entrance Test","official_source_reviewed","/exam-logos/official-v1/cc895bb575eda24b44027525.webp","https://pau.edu/index.php?DO=viewBannerDetail&_act=manageBanner&intID=7301","https://pau.edu/images/logos/pau.png",""
"pearl-academy-entrance","Pearl Entrance","Pearl Academy Entrance Examination","official_source_reviewed","/exam-logos/official-v1/70ba0798c5b803256d261efa.webp","https://admissions.pearlacademy.com/studentportal/sturegistration.aspx","https://admissions.pearlacademy.com/assets/images/pearl_academy_logo_white.svg",""
"pearson-test-of-english","PTE ACADEMIC","Pearson Test of English","existing_catalog_mark","https://aws-origin.dekhocampus.com/storage/v1/object/public/legacy-public-assets/sanitized/bottom-12-v1/ce/cee6191e8e8ab150132c531e25eece9534619179e973f69ac577495024ba6a66.webp","","https://aws-origin.dekhocampus.com/storage/v1/object/public/legacy-public-assets/sanitized/bottom-12-v1/ce/cee6191e8e8ab150132c531e25eece9534619179e973f69ac577495024ba6a66.webp",""
"pessat","PESSAT","Peoples Education Society Scholastic Aptitude Test","official_source_reviewed","/exam-logos/official-v1/fe73d84ac78e1003deb4d679.webp","https://pes.edu/admissions/","https://pes.edu/wp-content/uploads/2025/06/PESU-new-logo.png",""
"pim-mat","PIM-MAT","R.A. Podar Institute of Management Management Aptitude Test","official_source_reviewed","/exam-logos/official-v1/3d5a648faae1a5b799453241.webp","https://www.rapim.ac.in/","https://www.rapim.ac.in/rapim_assets/logo.png",""
"pmnet","PMNET","Punjab Master of Science Nursing Entrance Test","official_source_reviewed","/exam-logos/official-v1/70c9ee47d7d51882a38b3bcf.webp","https://bfuhs.smartpad.in/Registration/","https://bfuhs.smartpad.in/Registration/images/logobfhs.jfif",""
"jharkhand-pcece","Jharkhand PCECE","Polytechnic Entrance Competitive Examination","official_source_reviewed","/exam-logos/official-v1/342cf40b5b4ddfabc74b2d1c.webp","https://jceceb.jharkhand.gov.in/","https://jceceb.jharkhand.gov.in/assets/img/jcecebLogo.png",""
"ppbnet","PPBNET","Punjab Post Basic Nursing Entrance Test","official_source_reviewed","/exam-logos/official-v1/70c9ee47d7d51882a38b3bcf.webp","https://bfuhs.smartpad.in/Registration/","https://bfuhs.smartpad.in/Registration/images/logobfhs.jfif",""
"ppmet","PPMET","Punjab Para Medical Entrance Test","official_source_reviewed","/exam-logos/official-v1/09c7a106b66b500519c36ebb.webp","https://bfuhs.ac.in/","https://bfuhs.ac.in/images/logo1.jpg",""
"presidency-university-master-degree-entrance-test","PUMDET","Presidency University Master Degree Entrance Test","official_source_reviewed","/exam-logos/official-v1/79bea5608067e790c3a8d0f3.webp","https://wbjeeb.nic.in/","https://cdnbbsr.s3waas.gov.in/s3d2a27e83d429f0dcae6b937cf440aeb1/uploads/2022/02/2022021879.jpg",""
"pu-cet-pg","PU CET PG","Panjab University Common Entrance Test (Postgraduate)","official_source_reviewed","/exam-logos/official-v1/6dd53d89acb4e870013a8fc8.webp","https://www.puchd.ac.in/","https://www.puchd.ac.in/asset/pu-logo.png",""
"pu-cet-ug","PU CET UG","Panjab University Common Entrance Test Undergraduate","official_source_reviewed","/exam-logos/official-v1/6dd53d89acb4e870013a8fc8.webp","https://www.puchd.ac.in/","https://www.puchd.ac.in/asset/pu-logo.png",""
"pu-pglaw","PU LL.B.","Panjab University Three-Year LL.B. Entrance Examination","official_source_reviewed","/exam-logos/official-v1/6dd53d89acb4e870013a8fc8.webp","https://www.puchd.ac.in/","https://www.puchd.ac.in/asset/pu-logo.png",""
"pu-met","PU MET","Panjab University Management Entrance Test","official_source_reviewed","/exam-logos/official-v1/6dd53d89acb4e870013a8fc8.webp","https://www.puchd.ac.in/","https://www.puchd.ac.in/asset/pu-logo.png",""
"pu-uglaw","PU UGLAW","Panjab University Undergraduate Law Entrance Examination","official_source_reviewed","/exam-logos/official-v1/6dd53d89acb4e870013a8fc8.webp","https://www.puchd.ac.in/","https://www.puchd.ac.in/asset/pu-logo.png",""
"pubdet","PUBDET","Presidency University Bachelor Degree Entrance Test","official_source_reviewed","/exam-logos/official-v1/79bea5608067e790c3a8d0f3.webp","https://wbjeeb.nic.in/","https://cdnbbsr.s3waas.gov.in/s3d2a27e83d429f0dcae6b937cf440aeb1/uploads/2022/02/2022021879.jpg",""
"puleet","PULEET","Panjab University Lateral Engineering Entrance Test","official_source_reviewed","/exam-logos/official-v1/6dd53d89acb4e870013a8fc8.webp","https://www.puchd.ac.in/","https://www.puchd.ac.in/asset/pu-logo.png",""
"pumdet","PUMDET","Presidency University Master Degree Entrance Test","official_source_reviewed","/exam-logos/official-v1/79bea5608067e790c3a8d0f3.webp","https://wbjeeb.nic.in/","https://cdnbbsr.s3waas.gov.in/s3d2a27e83d429f0dcae6b937cf440aeb1/uploads/2022/02/2022021879.jpg",""
"punjab-bed-cet","Punjab B.Ed CET","Punjab Bachelor of Education Common Entrance Test","official_source_reviewed","/exam-logos/official-v1/eb4227a7c957855d88c98e34.webp","https://pbbed2026.learnpunjabi.org/","https://pbbed2026.learnpunjabi.org/img/logo561x126.png",""
"rajasthan-jet","Rajasthan JET","Rajasthan Joint Entrance Test for Agriculture","official_source_reviewed","/exam-logos/official-v1/10b96bfafe1bf64fe5afc660.webp","https://jetskrau2026.com/","https://jetskrau2026.com/images/skraub.png",""
"rajasthan-pre-deled","Pre D.El.Ed","Rajasthan Pre Diploma in Elementary Education Entrance Examination (BSTC)","unresolved","","","","Catalog URL is an informational/ad-supported site, not a verified authority source. Official portal did not expose a verified logo. Do not source a mark from the catalog URL."
"rajasthan-ptet","PTET","Rajasthan Pre-Teacher Education Test","official_source_reviewed","/exam-logos/official-v1/9b80b7f7eab4eaf104dd6cbc.webp","https://www.vmou.ac.in/","https://www.vmou.ac.in/sites/default/files/inline-images/logofinal-naac.png",""
"rajasthan-set","Rajasthan SET","Rajasthan State Eligibility Test","unresolved","","","","Catalog recruitment host has a hostname/certificate mismatch. The reachable state recruitment portal does not establish the SET conducting authority's logo."
"rulet-exam","RULET EXAM","Rajasthan University Law Entrance Test","existing_catalog_mark","https://aws-origin.dekhocampus.com/storage/v1/object/public/legacy-public-assets/sanitized/bottom-12-v1/4a/4a5c350ef7de6b403e3e9797682b18676896caa584a235f1e23ecfd06ca33aa3.webp","","https://aws-origin.dekhocampus.com/storage/v1/object/public/legacy-public-assets/sanitized/bottom-12-v1/4a/4a5c350ef7de6b403e3e9797682b18676896caa584a235f1e23ecfd06ca33aa3.webp",""
"rupgcet","RUPGCET","Rayalaseema University Postgraduate Common Entrance Test","official_source_reviewed","/exam-logos/official-v1/233119f801f4f550d3f92493.webp","https://www.rayalaseemauniversity.ac.in/index.php","https://www.rayalaseemauniversity.ac.in/images/logo.png",""
"rbi-assistant","RBI Assistant","Reserve Bank of India Assistant Recruitment Examination","official_source_reviewed","/exam-logos/official-v1/2b27db18dbb31a0dc0a92c34.webp","https://www.rbi.org.in/","https://www.rbi.org.in/images/rbi-company-logo.jpg",""
"rbi-grade-b-depr","RBI Grade B DEPR","RBI Officers in Grade B (DR) DEPR Examination","official_source_reviewed","/exam-logos/official-v1/2b27db18dbb31a0dc0a92c34.webp","https://www.rbi.org.in/","https://www.rbi.org.in/images/rbi-company-logo.jpg",""
"rbi-grade-b-dsim","RBI Grade B DSIM","RBI Officers in Grade B (DR) DSIM Examination","official_source_reviewed","/exam-logos/official-v1/2b27db18dbb31a0dc0a92c34.webp","https://www.rbi.org.in/","https://www.rbi.org.in/images/rbi-company-logo.jpg",""
"rbi-grade-b-general","RBI Grade B General","RBI Officers in Grade B (DR) General Examination","official_source_reviewed","/exam-logos/official-v1/2b27db18dbb31a0dc0a92c34.webp","https://www.rbi.org.in/","https://www.rbi.org.in/images/rbi-company-logo.jpg",""
"reva-cet","REVA CET","REVA Common Entrance Test","official_source_reviewed","/exam-logos/official-v1/c96f1f8539aa62bb3518a97e.webp","https://www.reva.edu.in/","https://files.reva.ac.in/uploads/logo/1637126493_30dc6528e6d454555baf.svg",""
"rpf-constable","RPF Constable","Railway Protection Force Constable (Executive) Recruitment Examination","official_source_reviewed","/exam-logos/official-v1/63174eb18aaca4d4b136730e.webp","https://rrbcdg.gov.in/","https://rrb.indianrailways.gov.in/chandigarh/image/1783689877849Logo_18th.jpg/Logo",""
"rpf-si","RPF Sub-Inspector","Railway Protection Force Sub-Inspector (Executive) Recruitment Examination","official_source_reviewed","/exam-logos/official-v1/63174eb18aaca4d4b136730e.webp","https://rrbcdg.gov.in/","https://rrb.indianrailways.gov.in/chandigarh/image/1783689877849Logo_18th.jpg/Logo",""
"rpsc-ras","RPSC RAS","Rajasthan State and Subordinate Services Combined Competitive Examination","official_source_reviewed","/exam-logos/official-v1/58bb50101238a8c928bb1275.webp","https://rpsc.rajasthan.gov.in/","https://rpsc.rajasthan.gov.in/Images/RPSC_Logo.png",""
"rrb-alp","RRB ALP","Assistant Loco Pilot Recruitment Examination","official_source_reviewed","/exam-logos/official-v1/63174eb18aaca4d4b136730e.webp","https://rrbcdg.gov.in/","https://rrb.indianrailways.gov.in/chandigarh/image/1783689877849Logo_18th.jpg/Logo",""
"rrb-group-d-level-1","RRB Group D Level 1","Railway Level-1 Recruitment Examination","official_source_reviewed","/exam-logos/official-v1/63174eb18aaca4d4b136730e.webp","https://rrbcdg.gov.in/","https://rrb.indianrailways.gov.in/chandigarh/image/1783689877849Logo_18th.jpg/Logo",""
"rrb-je","RRB JE","Junior Engineer / DMS / CMA Recruitment Examination","official_source_reviewed","/exam-logos/official-v1/63174eb18aaca4d4b136730e.webp","https://rrbcdg.gov.in/","https://rrb.indianrailways.gov.in/chandigarh/image/1783689877849Logo_18th.jpg/Logo",""
"rrb-ntpc-graduate","RRB NTPC Graduate","Non-Technical Popular Categories Graduate Level","official_source_reviewed","/exam-logos/official-v1/63174eb18aaca4d4b136730e.webp","https://rrbcdg.gov.in/","https://rrb.indianrailways.gov.in/chandigarh/image/1783689877849Logo_18th.jpg/Logo",""
"rrb-ntpc-undergraduate","RRB NTPC Undergraduate","Non-Technical Popular Categories Undergraduate Level","official_source_reviewed","/exam-logos/official-v1/63174eb18aaca4d4b136730e.webp","https://rrbcdg.gov.in/","https://rrb.indianrailways.gov.in/chandigarh/image/1783689877849Logo_18th.jpg/Logo",""
"rrb-paramedical","RRB Paramedical","Railway Paramedical Categories Recruitment Examination","official_source_reviewed","/exam-logos/official-v1/63174eb18aaca4d4b136730e.webp","https://rrbcdg.gov.in/","https://rrb.indianrailways.gov.in/chandigarh/image/1783689877849Logo_18th.jpg/Logo",""
"rrb-technician","RRB Technician","Railway Technician Recruitment Examination","official_source_reviewed","/exam-logos/official-v1/63174eb18aaca4d4b136730e.webp","https://rrbcdg.gov.in/","https://rrb.indianrailways.gov.in/chandigarh/image/1783689877849Logo_18th.jpg/Logo",""
"ruhs-cuet","RUHS CUET","Rajasthan University of Health Sciences Common Undergraduate Entrance Test","official_source_reviewed","/exam-logos/official-v1/7b6604e959f69d69cdb25108.webp","https://admissions.ruhsraj.org/","https://admissions.ruhsraj.org/public/images/RUHS_Logo.png",""
"rulet","RULET","Rajasthan University Law Entrance Test","official_source_reviewed","/exam-logos/official-v1/f1bff05a145ae3eb3eddd7bc.webp","https://admissions.univraj.org/","https://admissions.univraj.org/assets/logo-EIvoSnRk.png",""
"saeee","SAEEE","Sathyabama All India Entrance Examination","official_source_reviewed","/exam-logos/official-v1/6c7b47ab62266c3cdbd38201.webp","https://saeee2026.sathyabama.ac.in/","https://saeee2026.sathyabama.ac.in/wp-content/uploads/2025/10/sathyabama_header-logo-A.jpg",""
"sbi-clerk","SBI Clerk","State Bank of India Junior Associate (SBI Clerk) Recruitment","official_source_reviewed","/exam-logos/official-v1/3e0f11b88924f99e71aecd48.webp","https://sbi.bank.in/en/web/careers","https://sbi.bank.in/documents/77530/47790899/sbi_logo.png/40d694e0-816a-7252-7138-8e876086d679?t=1735641421830",""
"sbi-junior-associate","SBI Clerk / JA","SBI Junior Associate Customer Support & Sales Recruitment Examination","official_source_reviewed","/exam-logos/official-v1/3e0f11b88924f99e71aecd48.webp","https://sbi.co.in/web/careers","https://sbi.bank.in/documents/77530/47790899/sbi_logo.png/40d694e0-816a-7252-7138-8e876086d679?t=1735641421830",""
"sbi-po","SBI PO","State Bank of India Probationary Officer Recruitment Examination","official_source_reviewed","/exam-logos/official-v1/3e0f11b88924f99e71aecd48.webp","https://sbi.bank.in/en/web/careers","https://sbi.bank.in/documents/77530/47790899/sbi_logo.png/40d694e0-816a-7252-7138-8e876086d679?t=1735641421830",""
"sebi-grade-a","SEBI Grade A","SEBI Officer Grade A Assistant Manager Examination","official_source_reviewed","/exam-logos/official-v1/63415fc9c0862e6d1ca3300e.webp","https://www.sebi.gov.in/","https://www.sebi.gov.in/images/sebi-logo.png",""
"seed","SEED","Symbiosis Entrance Exam for Design","official_source_reviewed","/exam-logos/official-v1/0a0157b78b43b1638a4376f4.webp","https://sid.edu.in/programmes-offered/admission-process","https://sid.edu.in/assets/images/home/logo.webp",""
"set","SET","Symbiosis Entrance Test","official_source_reviewed","/exam-logos/official-v1/af5e6547f049324cb14a1ff5.webp","https://www.set-test.org/","https://d107tqdgn7te45.cloudfront.net/assets/images/svg/logo.svg",""
"smit-online-test","SMIT Online Test","Sikkim Manipal Institute of Technology Online Test","existing_catalog_mark","https://aws-origin.dekhocampus.com/storage/v1/object/public/legacy-public-assets/sanitized/bottom-12-v1/85/85261db95bef0fb271e4213a63c80681b50f3ecdaba4f9d0bde670ba2ae4dee1.webp","","https://aws-origin.dekhocampus.com/storage/v1/object/public/legacy-public-assets/sanitized/bottom-12-v1/85/85261db95bef0fb271e4213a63c80681b50f3ecdaba4f9d0bde670ba2ae4dee1.webp",""
"saat","SAAT","Siksha 'O' Anusandhan Admission Test","existing_catalog_mark","https://aws-origin.dekhocampus.com/storage/v1/object/public/legacy-public-assets/sanitized/bottom-12-v1/91/91e152c390f03ea135bf3e122b2457d294cc250acb04c081b846507da674d17e.webp","","https://aws-origin.dekhocampus.com/storage/v1/object/public/legacy-public-assets/sanitized/bottom-12-v1/91/91e152c390f03ea135bf3e122b2457d294cc250acb04c081b846507da674d17e.webp",""
"siteee","SITEEE","Symbiosis Institute of Technology Engineering Entrance Examination","official_source_reviewed","/exam-logos/official-v1/af5e6547f049324cb14a1ff5.webp","https://www.set-test.org/","https://d107tqdgn7te45.cloudfront.net/assets/images/svg/logo.svg",""
"skuast-j-cet","SKUAST-J CET","Sher-e-Kashmir University of Agricultural Sciences and Technology of Jammu Common Entrance Test","official_source_reviewed","/exam-logos/official-v1/94634f871320129fb20f834e.webp","https://skuastjammu.ac.in/newsite/admission.php","https://skuastjammu.ac.in/newsite/image/SKUAST-J_logo.png",""
"skuast-k-uet","SKUAST-K UET","Sher-e-Kashmir University of Agricultural Sciences and Technology of Kashmir University Entrance Test","official_source_reviewed","/exam-logos/official-v1/7a9474b0244dd24066d2d1ad.webp","https://skuastkashmir.in/IUMS/applicant/","https://skuastkashmir.in/IUMS/logo.png",""
"slat","SLAT","Symbiosis Law Admission Test","official_source_reviewed","/exam-logos/official-v1/6f75a363e945f67a083df7d6.webp","https://www.slat-test.org/","https://www.slat-test.org/images/banner/figma/sls-logo-pune.png?v=2",""
"snap","SNAP","Symbiosis National Aptitude Test (SNAP)","official_source_reviewed","/exam-logos/official-v1/e93c6e8a771dd700e17c1176.webp","https://www.snaptest.org/","https://www.snaptest.org/images/header/snap-logo.webp",""
"sri-venkateswara-university-common-entrance-test","SVUCET","Sri Venkateswara University Common Entrance Test","existing_catalog_mark","https://aws-origin.dekhocampus.com/storage/v1/object/public/legacy-public-assets/sanitized/bottom-12-v1/cc/cc73b8b5b55362bfe24c69a04e1ef1f67aa90d40344b1a35365e82413131487a.webp","","https://aws-origin.dekhocampus.com/storage/v1/object/public/legacy-public-assets/sanitized/bottom-12-v1/cc/cc73b8b5b55362bfe24c69a04e1ef1f67aa90d40344b1a35365e82413131487a.webp",""
"spmhcat","SPMHCAT","SRM University Haryana Common Aptitude Test","official_source_reviewed","/exam-logos/official-v1/cc6a9d8f6506cb3a9f81b284.webp","https://admissions.srmuniversity.ac.in/","https://cdn.npfs.co/uploads/template/190/7122/publish/images/srm-logo-white.webp?1767010191",""
"srmjeee","SRMJEEE","SRM Joint Engineering Entrance Examination (UG)","official_source_reviewed","/exam-logos/official-v1/225848626a4b45fb2fbdda49.webp","https://admissions.srmist.edu.in/srmistonline/","https://admissions.srmist.edu.in/srmistonline/resources/Image/srmist.png",""
"srmjeem","SRMJEEM","SRM Joint Entrance Examination for Management","official_source_reviewed","/exam-logos/official-v1/225848626a4b45fb2fbdda49.webp","https://admissions.srmist.edu.in/srmistonline/","https://admissions.srmist.edu.in/srmistonline/resources/Image/srmist.png",""
"ssc-cgl","SSC CGL","Combined Graduate Level Examination","official_source_reviewed","/exam-logos/official-v1/1a955776af0eb7bd07d56b47.webp","https://ssc.gov.in/","https://ssc.gov.in/assets/sscLogo.webp",""
"ssc-chsl","SSC CHSL","Staff Selection Commission Combined Higher Secondary Level Examination","official_source_reviewed","/exam-logos/official-v1/1a955776af0eb7bd07d56b47.webp","https://ssc.gov.in/","https://ssc.gov.in/assets/sscLogo.webp",""
"ssc-jht","SSC Combined Hindi Translators","Combined Hindi Translators Examination","official_source_reviewed","/exam-logos/official-v1/1a955776af0eb7bd07d56b47.webp","https://ssc.gov.in/","https://ssc.gov.in/assets/sscLogo.webp",""
"ssc-cpo","SSC CPO","Sub-Inspector in Delhi Police and Central Armed Police Forces Examination","official_source_reviewed","/exam-logos/official-v1/1a955776af0eb7bd07d56b47.webp","https://ssc.gov.in/","https://ssc.gov.in/assets/sscLogo.webp",""
"ssc-gd-constable","SSC GD Constable","Constable GD in CAPFs, NIA, SSF and Rifleman GD in Assam Rifles Examination","official_source_reviewed","/exam-logos/official-v1/1a955776af0eb7bd07d56b47.webp","https://ssc.gov.in/","https://ssc.gov.in/assets/sscLogo.webp",""
"ssc-je","SSC JE","Junior Engineer (Civil, Mechanical & Electrical) Examination","official_source_reviewed","/exam-logos/official-v1/1a955776af0eb7bd07d56b47.webp","https://ssc.gov.in/","https://ssc.gov.in/assets/sscLogo.webp",""
"ssc-mts","SSC MTS & Havaldar","Multi-Tasking Staff and Havaldar Examination","official_source_reviewed","/exam-logos/official-v1/1a955776af0eb7bd07d56b47.webp","https://ssc.gov.in/","https://ssc.gov.in/assets/sscLogo.webp",""
"ssc-selection-post-phase-14","SSC Selection Post Phase XIV","Selection Post Examination Phase XIV","official_source_reviewed","/exam-logos/official-v1/1a955776af0eb7bd07d56b47.webp","https://ssc.gov.in/","https://ssc.gov.in/assets/sscLogo.webp",""
"ssc-stenographer","SSC Stenographer","Stenographer Grade C & D Examination","official_source_reviewed","/exam-logos/official-v1/1a955776af0eb7bd07d56b47.webp","https://ssc.gov.in/","https://ssc.gov.in/assets/sscLogo.webp",""
"suat","SUAT","Sharda University Admission Test","official_source_reviewed","/exam-logos/official-v1/f48107dd295e5732ed687d1e.webp","https://suat.sharda.ac.in/","https://suat.sharda.ac.in/assets/images/logo.png",""
"tancet","TANCET","Tamil Nadu Common Entrance Test","official_source_reviewed","/exam-logos/official-v1/ba534cd54a4aeb457bcee736.webp","https://www.annauniv.edu/","https://www.annauniv.edu/images/ANNAUNIVERSITYLOGO.png",""
"telangana-state-agriculture-common-entrance-test","TS AGRICET","Telangana State Agriculture Common Entrance Test","official_source_reviewed","/exam-logos/official-v1/21dc29c965e8bd7f4a9acc75.webp","https://angrauagricet.aptonline.in/AGRICET/AGRICET_HomePage","https://angrauagricet.aptonline.in/images/ANGRAU.jpg",""
"ts-cpget","TS CPGET","Telangana State Common Post Graduate Entrance Tests (TS CPGET)","existing_catalog_mark","https://aws-origin.dekhocampus.com/storage/v1/object/public/legacy-public-assets/sanitized/bottom-12-v1/01/01eed61e879f47f4df9400fdb720e5b4205fb06f156254e4fdb697177ee7ceeb.webp","","https://aws-origin.dekhocampus.com/storage/v1/object/public/legacy-public-assets/sanitized/bottom-12-v1/01/01eed61e879f47f4df9400fdb720e5b4205fb06f156254e4fdb697177ee7ceeb.webp",""
"ts-eamcet","TS EAMCET","Telangana State Engineering, Agriculture and Pharmacy Common Entrance Test (TG EAPCET)","official_source_reviewed","/exam-logos/official-v1/4fbcff9e5e9ecdad30f77638.webp","https://tgecet.nic.in/default.aspx","https://tgecet.nic.in/images/tsche_logo.jpg",""
"telangana-state-engineering-common-entrance-test","TS ECET","Telangana State Engineering Common Entrance Test","existing_catalog_mark","https://aws-origin.dekhocampus.com/storage/v1/object/public/legacy-public-assets/sanitized/bottom-12-v1/7b/7bb78d45a88497815d2e114e88a75d9b92d05798c0fc2b34d5d76ca00447a701.webp","","https://aws-origin.dekhocampus.com/storage/v1/object/public/legacy-public-assets/sanitized/bottom-12-v1/7b/7bb78d45a88497815d2e114e88a75d9b92d05798c0fc2b34d5d76ca00447a701.webp",""
"ts-icet","TS ICET","Telangana State Integrated Common Entrance Test","existing_catalog_mark","https://aws-origin.dekhocampus.com/storage/v1/object/public/legacy-public-assets/sanitized/bottom-12-v1/09/09776418e4dbaf060d581d265fec0ebe3a440b5f84315ed35319a2c756e9711d.webp","","https://aws-origin.dekhocampus.com/storage/v1/object/public/legacy-public-assets/sanitized/bottom-12-v1/09/09776418e4dbaf060d581d265fec0ebe3a440b5f84315ed35319a2c756e9711d.webp",""
"ts-law-cet","TS LAWCET","Telangana State Law Common Entrance Test","existing_catalog_mark","https://aws-origin.dekhocampus.com/storage/v1/object/public/legacy-public-assets/sanitized/bottom-12-v1/7e/7e7ce25f4cb4abb5edc28bd9efba0a78db313a9a97ebba7b3f05e31e5f263e5d.webp","","https://aws-origin.dekhocampus.com/storage/v1/object/public/legacy-public-assets/sanitized/bottom-12-v1/7e/7e7ce25f4cb4abb5edc28bd9efba0a78db313a9a97ebba7b3f05e31e5f263e5d.webp",""
"telangana-state-polytechnic-common-entrance-test","TS POLYCET","Telangana State Polytechnic Common Entrance Test","existing_catalog_mark","https://aws-origin.dekhocampus.com/storage/v1/object/public/legacy-public-assets/sanitized/bottom-12-v1/b3/b36191799891596d914dba9f1b45d56176bc9f9464b3bfdd66d0fa4ca3099397.webp","","https://aws-origin.dekhocampus.com/storage/v1/object/public/legacy-public-assets/sanitized/bottom-12-v1/b3/b36191799891596d914dba9f1b45d56176bc9f9464b3bfdd66d0fa4ca3099397.webp",""
"tg-cpget","TG CPGET","Telangana Common Post Graduate Entrance Tests","official_source_reviewed","/exam-logos/official-v1/4fbcff9e5e9ecdad30f77638.webp","https://tgecet.nic.in/default.aspx","https://tgecet.nic.in/images/tsche_logo.jpg",""
"tg-deecet","TG DEECET","Telangana Diploma in Elementary Education Common Entrance Test","official_source_reviewed","/exam-logos/official-v1/054320df2a99b50e9ed162ca.webp","https://deecet.cdse.telangana.gov.in/","https://deecet.cdse.telangana.gov.in/images/TG_Deecet_2024_old.png",""
"tg-eapcet","TG EAPCET","Telangana Engineering, Agriculture and Pharmacy Common Entrance Test","official_source_reviewed","/exam-logos/official-v1/4fbcff9e5e9ecdad30f77638.webp","https://tgecet.nic.in/default.aspx","https://tgecet.nic.in/images/tsche_logo.jpg",""
"tg-ecet","TG ECET","Telangana Engineering Common Entrance Test","official_source_reviewed","/exam-logos/official-v1/4fbcff9e5e9ecdad30f77638.webp","https://tgecet.nic.in/default.aspx","https://tgecet.nic.in/images/tsche_logo.jpg",""
"tg-edcet","TG EDCET","Telangana Education Common Entrance Test","official_source_reviewed","/exam-logos/official-v1/4fbcff9e5e9ecdad30f77638.webp","https://tgecet.nic.in/default.aspx","https://tgecet.nic.in/images/tsche_logo.jpg",""
"tg-icet","TG ICET","Telangana Integrated Common Entrance Test","official_source_reviewed","/exam-logos/official-v1/4fbcff9e5e9ecdad30f77638.webp","https://tgecet.nic.in/default.aspx","https://tgecet.nic.in/images/tsche_logo.jpg",""
"tg-lawcet","TG LAWCET","Telangana Law Common Entrance Test","official_source_reviewed","/exam-logos/official-v1/4e4f2de119204fa192d49272.webp","https://lawcet.tgche.ac.in/","https://lawcet.tgche.ac.in/images/tg_lawcet_2026.jpg",""
"tg-pecet","TG PECET","Telangana Physical Education Common Entrance Test","official_source_reviewed","/exam-logos/official-v1/4fbcff9e5e9ecdad30f77638.webp","https://tgecet.nic.in/default.aspx","https://tgecet.nic.in/images/tsche_logo.jpg",""
"tg-pgecet","TG PGECET","Telangana Post Graduate Engineering Common Entrance Test","official_source_reviewed","/exam-logos/official-v1/4fbcff9e5e9ecdad30f77638.webp","https://tgecet.nic.in/default.aspx","https://tgecet.nic.in/images/tsche_logo.jpg",""
"tg-pglcet","TG PGLCET","Telangana Post Graduate Law Common Entrance Test","official_source_reviewed","/exam-logos/official-v1/4fbcff9e5e9ecdad30f77638.webp","https://tgecet.nic.in/default.aspx","https://tgecet.nic.in/images/tsche_logo.jpg",""
"tg-polycet","TG POLYCET","Telangana Polytechnic Common Entrance Test","official_source_reviewed","/exam-logos/official-v1/68fb0f51dd5d28f9834c54da.webp","https://tgpolycet.nic.in/default.aspx","https://tgpolycet.nic.in/images/tslogo.png",""
"tifr-gs","TIFR GS","Tata Institute of Fundamental Research Graduate School Admission Test","official_source_reviewed","/exam-logos/official-v1/5c83533028db5b5d68b193c0.webp","https://www.tifr.res.in/academics/gs_admissions.php","https://www.tifr.res.in/academics/images/TIFR_Logo_White.png",""
"tjee","TJEE","Tripura Joint Entrance Examination","official_source_reviewed","/exam-logos/official-v1/9cedb888b884e2ced233d872.webp","https://tbjee.tripura.gov.in/","https://tbjee.tripura.gov.in/sites/default/files/Untitled%20design%20%2823%29.png",""
"tn-set","TN SET","Tamil Nadu State Eligibility Test","official_source_reviewed","/exam-logos/official-v1/cad8c1094786a788fa607b52.webp","https://trb.tn.gov.in/","https://trb.tn.gov.in/images/logo2.png",""
"tripura-jee","Tripura JEE","Tripura Board of Joint Entrance Examination","official_source_reviewed","/exam-logos/official-v1/9cedb888b884e2ced233d872.webp","https://tbjee.tripura.gov.in/","https://tbjee.tripura.gov.in/sites/default/files/Untitled%20design%20%2823%29.png",""
"ts-set","TS SET","Telangana State Eligibility Test","official_source_reviewed","/exam-logos/official-v1/4b383808c61aca94cfc7006b.webp","https://telanganaset.org/","https://telanganaset.org/img/ts-logo.png",""
"tspsc-group-1","TSPSC Group I","Telangana Public Service Commission Group-I Services Examination","official_source_reviewed","/exam-logos/official-v1/b3f8eab2cc7b68914852de45.webp","https://www.tgpsc.gov.in/","https://www.tgpsc.gov.in/img/tspsc-logo-min.png",""
"uceed","UCEED","Undergraduate Common Entrance Examination for Design (UCEED)","official_source_reviewed","/exam-logos/official-v1/9f454a73d02b9777482daf5a.webp","https://www.ceed.iitb.ac.in/2026/","https://www.ceed.iitb.ac.in/2026/img/institute/logo_iitb.png",""
"ugc-net","UGC NET","University Grants Commission National Eligibility Test","official_source_reviewed","/exam-logos/official-v1/79ccf53f16e85a28a9b90286.webp","https://nta.ac.in/cuetexam","https://nta.ac.in/img/NTA_logo.png",""
"ugc-net-june-2026","UGC NET","University Grants Commission National Eligibility Test - June","official_source_reviewed","/exam-logos/official-v1/79ccf53f16e85a28a9b90286.webp","https://nta.ac.in/cuetexam","https://nta.ac.in/img/NTA_logo.png",""
"uid-dat","UID DAT","Unitedworld Institute of Design Design Aptitude Test","official_source_reviewed","/exam-logos/official-v1/ef246edab80f05a163c16bc2.webp","https://uid.edu.in/admission/","https://uid.edu.in/wp-content/uploads/2024/02/uid-logo.webp",""
"ukpsc-pcs","UKPSC PCS","Uttarakhand Combined State Civil / Upper Subordinate Services Examination","official_source_reviewed","/exam-logos/official-v1/12e96f3eb8359c3ea9a3412e.webp","https://psc.uk.gov.in/","https://psc.uk.gov.in/public/uploads/1662015859.jpeg",""
"ulsat","ULSAT","UPES Legal Studies Aptitude Test","official_source_reviewed","/exam-logos/official-v1/9cb70a1af271ab738a8f7bd8.webp","https://www.upes.ac.in/admissions/admission-alerts/ulsat","https://www.upes.ac.in/assets/images/UPES-logo.svg",""
"uni-gauge","Uni-GAUGE","Uni-GAUGE Engineering Entrance Examination","official_source_reviewed","/exam-logos/official-v1/8748e71cfbb567c32db2ea9f.webp","https://www.unigauge.com/","https://www.unigauge.com/wp-content/uploads/2021/10/Logo.png",""
"university-of-petroleum-and-energy-studies-engineering-aptitude-test","UPESEAT","University of Petroleum & Energy Studies Engineering Aptitude Test","official_source_reviewed","/exam-logos/official-v1/9cb70a1af271ab738a8f7bd8.webp","https://www.upes.ac.in/admissions/admission-alerts/ulsat","https://www.upes.ac.in/assets/images/UPES-logo.svg",""
"up-bed-jee","UP B.Ed JEE","Uttar Pradesh Bachelor of Education Joint Entrance Examination","official_source_reviewed","/exam-logos/official-v1/6e32c7669772c58925b9fbc4.webp","https://bujhansi.ac.in/upbedjee.html","https://bujhansi.ac.in/media/vxpmr0jz/newcolor.png",""
"upcatet","UPCATET","Uttar Pradesh Combined Agriculture and Technology Entrance Test","official_source_reviewed","/exam-logos/official-v1/0e5ef90a054449519d456bb0.webp","https://www.upcatetexam.org/","https://www.upcatetexam.org/images/logo.png",""
"upes-dat","UPES DAT","UPES Design Aptitude Test","official_source_reviewed","/exam-logos/official-v1/9cb70a1af271ab738a8f7bd8.webp","https://www.upes.ac.in/admissions/admission-alerts/ulsat","https://www.upes.ac.in/assets/images/UPES-logo.svg",""
"upes-met","UPES MET","UPES Management Entrance Test","official_source_reviewed","/exam-logos/official-v1/9cb70a1af271ab738a8f7bd8.webp","https://www.upes.ac.in/admissions/admission-alerts/ulsat","https://www.upes.ac.in/assets/images/UPES-logo.svg",""
"upeseat","UPESEAT","UPES Engineering Aptitude Test","official_source_reviewed","/exam-logos/official-v1/9cb70a1af271ab738a8f7bd8.webp","https://www.upes.ac.in/admissions/admission-alerts/ulsat","https://www.upes.ac.in/assets/images/UPES-logo.svg",""
"upesmet","UPESMET","UPES Management Entrance Test","official_source_reviewed","/exam-logos/official-v1/9cb70a1af271ab738a8f7bd8.webp","https://admission.upes.ac.in/login","https://admission.upes.ac.in/assets/images/UPES-logo.svg",""
"uppsc-pcs","UPPSC PCS","Uttar Pradesh Combined State / Upper Subordinate Services Examination","official_source_reviewed","/exam-logos/official-v1/920e35abe9d840e72bb78554.webp","https://uppsc.up.nic.in/","https://uppsc.up.nic.in/Assets/image/theme/psc_sierra.png",""
"upsc-capf-ac","CAPF AC","Central Armed Police Forces Assistant Commandants Examination","official_source_reviewed","/exam-logos/official-v1/6694825c2f3792caa3545f02.webp","https://exams.nta.nic.in/aiapget/","https://exams.nta.nic.in/wp-content/themes/sdo-theme/images/emblem.svg",""
"upsc-cds","CDS","Combined Defence Services Examination","official_source_reviewed","/exam-logos/official-v1/6694825c2f3792caa3545f02.webp","https://exams.nta.nic.in/aiapget/","https://exams.nta.nic.in/wp-content/themes/sdo-theme/images/emblem.svg",""
"upsc-civil-services","UPSC CSE","Union Public Service Commission Civil Services Examination","official_source_reviewed","/exam-logos/official-v1/6694825c2f3792caa3545f02.webp","https://exams.nta.nic.in/aiapget/","https://exams.nta.nic.in/wp-content/themes/sdo-theme/images/emblem.svg",""
"upsc-cms","CMS","Combined Medical Services Examination","official_source_reviewed","/exam-logos/official-v1/6694825c2f3792caa3545f02.webp","https://exams.nta.nic.in/aiapget/","https://exams.nta.nic.in/wp-content/themes/sdo-theme/images/emblem.svg",""
"upsc-combined-geo-scientist","Geo-Scientist","Combined Geo-Scientist Examination","official_source_reviewed","/exam-logos/official-v1/6694825c2f3792caa3545f02.webp","https://exams.nta.nic.in/aiapget/","https://exams.nta.nic.in/wp-content/themes/sdo-theme/images/emblem.svg",""
"upsc-ese","UPSC ESE","UPSC Engineering Services Exam","official_source_reviewed","/exam-logos/official-v1/6694825c2f3792caa3545f02.webp","https://exams.nta.nic.in/aiapget/","https://exams.nta.nic.in/wp-content/themes/sdo-theme/images/emblem.svg",""
"upsc-engineering-services","UPSC ESE","Engineering Services Examination","official_source_reviewed","/exam-logos/official-v1/6694825c2f3792caa3545f02.webp","https://exams.nta.nic.in/aiapget/","https://exams.nta.nic.in/wp-content/themes/sdo-theme/images/emblem.svg",""
"upsc-epfo","UPSC EPFO","UPSC EPFO EO/AO and APFC Recruitment Test","official_source_reviewed","/exam-logos/official-v1/6694825c2f3792caa3545f02.webp","https://exams.nta.nic.in/aiapget/","https://exams.nta.nic.in/wp-content/themes/sdo-theme/images/emblem.svg",""
"upsc-ies-iss","IES/ISS","Indian Economic Service - Indian Statistical Service Examination","official_source_reviewed","/exam-logos/official-v1/6694825c2f3792caa3545f02.webp","https://exams.nta.nic.in/aiapget/","https://exams.nta.nic.in/wp-content/themes/sdo-theme/images/emblem.svg",""
"upsc-ifs","UPSC IFS","UPSC Indian Forest Service","official_source_reviewed","/exam-logos/official-v1/6694825c2f3792caa3545f02.webp","https://exams.nta.nic.in/aiapget/","https://exams.nta.nic.in/wp-content/themes/sdo-theme/images/emblem.svg",""
"upsc-indian-forest-service","UPSC IFoS","Indian Forest Service Examination","official_source_reviewed","/exam-logos/official-v1/6694825c2f3792caa3545f02.webp","https://exams.nta.nic.in/aiapget/","https://exams.nta.nic.in/wp-content/themes/sdo-theme/images/emblem.svg",""
"upsc-nda-na","NDA & NA","National Defence Academy and Naval Academy Examination","official_source_reviewed","/exam-logos/official-v1/6694825c2f3792caa3545f02.webp","https://exams.nta.nic.in/aiapget/","https://exams.nta.nic.in/wp-content/themes/sdo-theme/images/emblem.svg",""
"uratpg","URATPG","University of Rajasthan Admission Test for Postgraduate Programmes","official_source_reviewed","/exam-logos/official-v1/f1bff05a145ae3eb3eddd7bc.webp","https://admissions.univraj.org/","https://admissions.univraj.org/assets/logo-EIvoSnRk.png",""
"uttar-pradesh-combined-agriculture-and-technology-entrance-test","UPCATET","Uttar Pradesh Combined Agriculture and Technology Entrance Test","official_source_reviewed","/exam-logos/official-v1/0e5ef90a054449519d456bb0.webp","https://www.upcatetexam.org/","https://www.upcatetexam.org/images/logo.png",""
"uttarakhand-jeep","Uttarakhand JEEP","Uttarakhand Joint Entrance Examination Polytechnics","official_source_reviewed","/exam-logos/official-v1/9457655a1870eeefbfadae23.webp","https://www.ubterjeep.co.in/Default.aspx","https://www.ubterjeep.co.in/Images/Logoubte.jpg",""
"vtueee","VTUEEE","Vel Tech Undergraduate Engineering Entrance Examination","official_source_reviewed","/exam-logos/official-v1/b1d86fa8cb81583802a55829.webp","https://www.veltech.edu.in/","https://www.veltech.edu.in/wp-content/uploads/2026/01/veltech-logo-.png",""
"vitmee","VITMEE","Vellore Institute of Technology Masters Entrance Examination","official_source_reviewed","/exam-logos/official-v1/016b47ced32722042938bc0f.webp","https://admissions.vit.ac.in/vitmee-m-des-2026-applications/","https://admissions.vit.ac.in/vitmee-m-des-2026-applications/assets/img/vit-logo.webp",""
"vitbee","VITBEE","VIT Business School Entrance Exam","official_source_reviewed","/exam-logos/official-v1/016b47ced32722042938bc0f.webp","https://admissions.vit.ac.in/vitmee-m-des-2026-applications/","https://admissions.vit.ac.in/vitmee-m-des-2026-applications/assets/img/vit-logo.webp",""
"viteee","VITEEE","VIT Engineering Entrance Examination (VITEEE)","official_source_reviewed","/exam-logos/official-v1/016b47ced32722042938bc0f.webp","https://admissions.vit.ac.in/vitmee-m-des-2026-applications/","https://admissions.vit.ac.in/vitmee-m-des-2026-applications/assets/img/vit-logo.webp",""
"vitmee-mdes","VITMEE M.Des","VIT Master's Entrance Examination for M.Des","official_source_reviewed","/exam-logos/official-v1/016b47ced32722042938bc0f.webp","https://admissions.vit.ac.in/vitmee-m-des-2026-applications/","https://admissions.vit.ac.in/vitmee-m-des-2026-applications/assets/img/vit-logo.webp",""
"vitmee-msc","VITMEE M.Sc.","VIT Master's Entrance Examination for M.Sc. AI & ML / Data Science","official_source_reviewed","/exam-logos/official-v1/016b47ced32722042938bc0f.webp","https://admissions.vit.ac.in/vitmee-m-des-2026-applications/","https://admissions.vit.ac.in/vitmee-m-des-2026-applications/assets/img/vit-logo.webp",""
"vitmee-mtech","VITMEE M.Tech","VIT Master's Entrance Examination for M.Tech","official_source_reviewed","/exam-logos/official-v1/016b47ced32722042938bc0f.webp","https://admissions.vit.ac.in/vitmee-m-des-2026-applications/","https://admissions.vit.ac.in/vitmee-m-des-2026-applications/assets/img/vit-logo.webp",""
"vitmee-mca","VITMEE MCA","VIT Master's Entrance Examination for MCA","official_source_reviewed","/exam-logos/official-v1/016b47ced32722042938bc0f.webp","https://admissions.vit.ac.in/vitmee-m-des-2026-applications/","https://admissions.vit.ac.in/vitmee-m-des-2026-applications/assets/img/vit-logo.webp",""
"vitree","VITREE","VIT Research Entrance Examination","official_source_reviewed","/exam-logos/official-v1/016b47ced32722042938bc0f.webp","https://admissions.vit.ac.in/vitmee-m-des-2026-applications/","https://admissions.vit.ac.in/vitmee-m-des-2026-applications/assets/img/vit-logo.webp",""
"vmou-met","VMOU MET","Vardhman Mahaveer Open University Management Entrance Test (VMOU MET)","official_source_reviewed","/exam-logos/official-v1/9b80b7f7eab4eaf104dd6cbc.webp","https://www.vmou.ac.in/","https://www.vmou.ac.in/sites/default/files/inline-images/logofinal-naac.png",""
"vocational-lateral-entry-test","VOCLET","Vocational Lateral Entry Test","official_source_reviewed","/exam-logos/official-v1/a8d4a144026c67e886db2a7c.webp","https://webscte.co.in/","https://webscte.co.in/assets/image/logo.png",""
"vsat","VSAT","Vignan's Scholastic Aptitude Test","official_source_reviewed","/exam-logos/official-v1/5fd82254600a0893c52834b8.webp","https://vignan.ac.in/newvignan/","https://vignan.ac.in/newvignan/assets/images/Logo%20with%20Deemed.svg",""
"wb-anm-gnm","ANM & GNM","West Bengal ANM(R) & GNM Common Entrance Test","official_source_reviewed","/exam-logos/official-v1/79bea5608067e790c3a8d0f3.webp","https://wbjeeb.nic.in/","https://cdnbbsr.s3waas.gov.in/s3d2a27e83d429f0dcae6b937cf440aeb1/uploads/2022/02/2022021879.jpg",""
"wb-set","WB SET","West Bengal State Eligibility Test","official_source_reviewed","/exam-logos/official-v1/96a8cd419d5f1f7392a773ea.webp","https://wbcsc.org.in/wbcsc/SET.aspx","https://wbcsc.org.in/wbcsc/Images/banner.jpg",""
"wbcs","WBCS","West Bengal Civil Service (Executive) etc. Examination","unresolved","","","","Official WBPSC host requires unsafe legacy TLS renegotiation. No security downgrade used and no verified alternative asset found."
"wbjee","WBJEE","West Bengal Joint Entrance Examination","official_source_reviewed","/exam-logos/official-v1/79bea5608067e790c3a8d0f3.webp","https://wbjeeb.nic.in/","https://cdnbbsr.s3waas.gov.in/s3d2a27e83d429f0dcae6b937cf440aeb1/uploads/2022/02/2022021879.jpg",""
"wb-anm-and-gnm","WB ANM & GNM","West Bengal (Auxiliary Nursing and Midwifery) & (General Nursing and Midwifery)","official_source_reviewed","/exam-logos/official-v1/79bea5608067e790c3a8d0f3.webp","https://wbjeeb.nic.in/","https://cdnbbsr.s3waas.gov.in/s3d2a27e83d429f0dcae6b937cf440aeb1/uploads/2022/02/2022021879.jpg",""
"west-bengal-joint-entrance-exam-for-computer-application","WB JECA","West Bengal Joint Entrance Exam for Computer Application","official_source_reviewed","/exam-logos/official-v1/79bea5608067e790c3a8d0f3.webp","https://wbjeeb.nic.in/","https://cdnbbsr.s3waas.gov.in/s3d2a27e83d429f0dcae6b937cf440aeb1/uploads/2022/02/2022021879.jpg",""
"west-bengal-joint-entrance-exam-for-post-basic-nursing","WB JEPBN","West Bengal Joint Entrance Exam for Post Basic Nursing","official_source_reviewed","/exam-logos/official-v1/79bea5608067e790c3a8d0f3.webp","https://wbjeeb.nic.in/","https://cdnbbsr.s3waas.gov.in/s3d2a27e83d429f0dcae6b937cf440aeb1/uploads/2022/02/2022021879.jpg",""
"wb-jehom","WB JEHOM","West Bengal Joint Entrance for Hospitality Management","official_source_reviewed","/exam-logos/official-v1/79bea5608067e790c3a8d0f3.webp","https://wbjeeb.nic.in/","https://cdnbbsr.s3waas.gov.in/s3d2a27e83d429f0dcae6b937cf440aeb1/uploads/2022/02/2022021879.jpg",""
"west-bengal-joint-entrance-for-mater-of-science-nursing","WB JEMSCN","West Bengal Joint Entrance for Mater of Science Nursing","official_source_reviewed","/exam-logos/official-v1/79bea5608067e790c3a8d0f3.webp","https://wbjeeb.nic.in/","https://cdnbbsr.s3waas.gov.in/s3d2a27e83d429f0dcae6b937cf440aeb1/uploads/2022/02/2022021879.jpg",""
"wb-jelet","WB JELET","West Bengal Joint Entrance Lateral Engineering Test","official_source_reviewed","/exam-logos/official-v1/79bea5608067e790c3a8d0f3.webp","https://wbjeeb.nic.in/","https://cdnbbsr.s3waas.gov.in/s3d2a27e83d429f0dcae6b937cf440aeb1/uploads/2022/02/2022021879.jpg",""
"xat","XAT","Xavier Aptitude Test","official_source_reviewed","/exam-logos/official-v1/e362111f676ac0bc28b7e7ce.webp","https://xatonline.in/","https://xatonline.in//assets/images/logo.webp",""
"xgmt","XGMT","Xavier General Management Aptitude Test","official_source_reviewed","/exam-logos/official-v1/dbfa1aa6eb27d3128d6656b5.webp","https://xim.edu.in/","https://xim.edu.in/wp-content/uploads/2021/06/xim-university-logo-1.png",""
"xic-oet","XIC OET","Xavier Institute of Communications' Online Entrance Test","official_source_reviewed","/exam-logos/official-v1/0e208c1c3599d27133fd4042.webp","https://www.xaviercomm.org/admissions/admissions.htm","https://www.xaviercomm.org/images/logo-xavier-institute-mob.png",""
