slug,name,production_state,listing_category,exam_streams,course_groups,education_levels,exam_filter_version,logo_action,current_logo
"abvmu-cahet","ABVMU CAHET","active","Entrance","Medical","Multiple Courses","UG | 12th","1","official_source_reviewed","/exam-logos/official-v1/7974ac35d33421f299270a95.webp"
"abvmu-cnet","ABVMU CNET","active","Entrance","Medical | Nursing","Nursing","UG | 12th","1","official_source_reviewed","/exam-logos/official-v1/7974ac35d33421f299270a95.webp"
"anu-pgcet","Acharya Nagarjuna University Post Graduate Common Entrance Test","active","Entrance","General","Multiple Courses","PG","1","existing_catalog_mark","https://aws-origin.dekhocampus.com/storage/v1/object/public/legacy-public-assets/sanitized/bottom-12-v1/a2/a22b1056cbdbf8a7819dd93e08966da59edef387ad8c9c2fb56a9c9e9c66a6aa.webp"
"iai-acet","Actuarial Common Entrance Test","active","Entrance","Science","Multiple Courses","UG | 12th","1","official_source_reviewed","/exam-logos/official-v1/4036574d0e9b60410a880e7e.webp"
"aeee","AEEE","active","Entrance","Engineering","B.E. / B.Tech","UG | 12th","1","official_source_reviewed","/exam-logos/official-v1/3498f605b727cbdfb79fbe0a.webp"
"afcat","AFCAT","active","Sarkari","Engineering | Medical | Aviation | Defence | Government","B.E. / B.Tech | Government Recruitment","UG | 12th | 10th","1","existing_catalog_mark","https://aws-origin.dekhocampus.com/storage/v1/object/public/legacy-public-assets/sanitized/bottom-12-v1/73/7316ee188718c21dbc07a28620ec53b92088a19e1a8f780514acf0d8c9619485.webp"
"agniveervayu","Agniveervayu","active","Sarkari","Medical | Aviation | Defence | Government","Diploma/Polytechnic | Government Recruitment","UG | 12th","1","unresolved",""
"ap-agricet","AGRICET","active","Entrance","Agriculture","Diploma/Polytechnic | Agriculture","UG | PG","1","official_source_reviewed","/exam-logos/official-v1/21dc29c965e8bd7f4a9acc75.webp"
"aiapget","AIAPGET","active","Entrance","Medical","Multiple Courses","PG","1","official_source_reviewed","/exam-logos/official-v1/79ccf53f16e85a28a9b90286.webp"
"aibe","AIBE XXI","active","Entrance","Law | Arts","LL.B.","UG | PG","1","official_source_reviewed","/exam-logos/official-v1/d3b71c381647517054985df3.webp"
"aiims-bsc-nursing","AIIMS B.Sc. (Hons.) Nursing Entrance","active","Entrance","Medical | Nursing","B.Sc. | Nursing","UG | 12th","1","official_source_reviewed","/exam-logos/official-v1/f9b12d45fa2829cd8282bff2.webp"
"aiims-bsc-nursing-post-basic","AIIMS B.Sc. Nursing (Post-Basic) Entrance","active","Entrance","Medical | Nursing","B.Sc. | Nursing","UG | 12th","1","official_source_reviewed","/exam-logos/official-v1/f9b12d45fa2829cd8282bff2.webp"
"aiims-bsc-paramedical","AIIMS B.Sc. Paramedical Entrance","active","Entrance","Medical","B.Sc.","UG | 12th","1","official_source_reviewed","/exam-logos/official-v1/f9b12d45fa2829cd8282bff2.webp"
"aiims-msc-nursing","AIIMS M.Sc. Nursing Entrance","active","Entrance","Medical | Nursing | Science","B.Sc. | M.Sc. | Nursing","UG | PG | 12th","1","official_source_reviewed","/exam-logos/official-v1/f9b12d45fa2829cd8282bff2.webp"
"ailet","AILET","active","Entrance","Law","Law PG","UG | PG | 12th","1","official_source_reviewed","/exam-logos/official-v1/b11ab4a1df56336b391defca.webp"
"aima-ugat","AIMA Under Graduate Aptitude Test","active","Entrance","Management","BBA/BMS","UG | PG | 12th","1","official_source_reviewed","/exam-logos/official-v1/8b2c277b0c1419494158d6da.webp"
"air-force-common-admission-test","Air Force Common Admission Test","active","Sarkari","Medical | Science | Aviation | Education | Defence | Government","Government Recruitment","UG | 12th | 10th","1","existing_catalog_mark","https://aws-origin.dekhocampus.com/storage/v1/object/public/legacy-public-assets/sanitized/bottom-12-v1/73/7316ee188718c21dbc07a28620ec53b92088a19e1a8f780514acf0d8c9619485.webp"
"amecet","Aircraft Maintenance Engineering Common Entrance Test","active","Entrance","Engineering | Aviation","B.E. / B.Tech","UG | 12th | 10th","1","official_source_reviewed","/exam-logos/official-v1/b9d2d6b412cfed840e2e51e7.webp"
"amulee","Aligarh Muslim University Law Entrance Exam","active","Entrance","Law","LL.B.","UG | 12th","1","official_source_reviewed","/exam-logos/official-v1/f7d913d8033f60645940d53c.webp"
"aieed","All India Entrance Examination for Design","active","Entrance","Design","B.Des","UG | 12th","1","official_source_reviewed","/exam-logos/official-v1/67df086253828e8d5b581275.webp"
"allahabad-university-pgat","Allahabad University Post Graduate Admission Test","active","Entrance","General","Multiple Courses","PG","1","official_source_reviewed","/exam-logos/official-v1/c7da75d98df1dfb220401961.webp"
"act","American College Testing","active","Entrance","Science","Multiple Courses","UG | 12th","1","official_source_reviewed","/exam-logos/official-v1/d75071641448d928d70829b6.webp"
"amity-jee","AMITY JEE","active","Entrance","Engineering","B.E. / B.Tech","UG | 12th","1","official_source_reviewed","/exam-logos/official-v1/d42ef28e2a5f52fa92b3a44c.webp"
"amu-ba-llb","AMU B.A. LL.B. Admission Test","active","Entrance","Law","LL.B.","UG | 12th","1","official_source_reviewed","/exam-logos/official-v1/f7d913d8033f60645940d53c.webp"
"amu-bed","AMU B.Ed Admission Test","active","Entrance","Education","B.Ed","UG | 12th","1","official_source_reviewed","/exam-logos/official-v1/f7d913d8033f60645940d53c.webp"
"amu-mba","AMU MBA Admission Test","active","Entrance","Management","MBA/PGDM","UG | PG | 12th","1","official_source_reviewed","/exam-logos/official-v1/f7d913d8033f60645940d53c.webp"
"amueee","AMUEEE","active","Entrance","Engineering","B.E. / B.Tech","UG | 12th","1","official_source_reviewed","/exam-logos/official-v1/f7d913d8033f60645940d53c.webp"
"ap-adcet","Andhra Pradesh Art and Design Common Entrance Test","active","Entrance","Design","Multiple Courses","UG | PG","1","official_source_reviewed","/exam-logos/official-v1/9b1a2a49e097bdf6a0a92727.webp"
"ap-rcet","Andhra Pradesh Research Common Entrance Test","active","Entrance","Science","Multiple Courses","PG","1","official_source_reviewed","/exam-logos/official-v1/9b1a2a49e097bdf6a0a92727.webp"
"aprjc","Andhra Pradesh Residential Junior College Common Entrance Test","active","Entrance","General","Multiple Courses","UG | 12th | 10th","1","existing_catalog_mark","https://aws-origin.dekhocampus.com/storage/v1/object/public/legacy-public-assets/sanitized/bottom-12-v1/24/2480759f16ea521616760ee5824fbbe2810cfc15dba4e14f72e0bf2914733ecb.webp"
"aprdc","Andhra Pradesh Road Development Corporation","active","Entrance","General","Multiple Courses","UG | 12th","1","existing_catalog_mark","https://aws-origin.dekhocampus.com/storage/v1/object/public/legacy-public-assets/sanitized/bottom-12-v1/59/5950448493702d01e5df1055d65e5c0797fd86ee2967ad8025ae4d52f43f434d.webp"
"andhra-pradesh-state-eligibility-test","Andhra Pradesh State Eligibility Test","active","Entrance","General","Multiple Courses","PG","1","official_source_reviewed","/exam-logos/official-v1/e6a640aa7125cb1d2894af34.webp"
"aucet","Andhra University Common Entrance Test","active","Entrance","General","Multiple Courses","PG","1","official_source_reviewed","/exam-logos/official-v1/0f657a3c8a2deaee5d61d791.webp"
"ap-deecet","AP DEECET","active","Entrance","Education","D.El.Ed | Diploma/Polytechnic","UG | 12th","1","official_source_reviewed","/exam-logos/official-v1/a3bb7f3781b17551aa202f6a.webp"
"ap-eamcet","AP EAPCET","active","Entrance","Engineering | Medical | Pharmacy | Agriculture","B.E. / B.Tech | Agriculture","UG | 12th","1","official_source_reviewed","/exam-logos/official-v1/9b1a2a49e097bdf6a0a92727.webp"
"ap-ecet","AP ECET","active","Entrance","Engineering | Medical | Pharmacy","B.E. / B.Tech | B.Sc. | Diploma/Polytechnic","UG | 12th","1","official_source_reviewed","/exam-logos/official-v1/74e1ff7a3ac188fb34375b80.webp"
"ap-edcet","AP EDCET","active","Entrance","Education","B.Ed","UG | PG","1","official_source_reviewed","/exam-logos/official-v1/4a61c4c6df6dcd9b2c78c75a.webp"
"ap-icet","AP ICET","active","Entrance","Management | IT and Software","MBA/PGDM | MCA","PG","1","official_source_reviewed","/exam-logos/official-v1/9b1a2a49e097bdf6a0a92727.webp"
"ap-lawcet","AP LAWCET","active","Entrance","Law","LL.B.","UG | 12th","1","official_source_reviewed","/exam-logos/official-v1/4a61c4c6df6dcd9b2c78c75a.webp"
"ap-pecet","AP PECET","active","Entrance","Education","Multiple Courses","UG | 12th","1","official_source_reviewed","/exam-logos/official-v1/9b1a2a49e097bdf6a0a92727.webp"
"ap-pgcet","AP PGCET","active","Entrance","General","Multiple Courses","PG","1","official_source_reviewed","/exam-logos/official-v1/9b1a2a49e097bdf6a0a92727.webp"
"ap-pgecet","AP PGECET","active","Entrance","Engineering | Medical | Pharmacy","B.E. / B.Tech | M.E./M.Tech","PG","1","official_source_reviewed","/exam-logos/official-v1/9b1a2a49e097bdf6a0a92727.webp"
"ap-pglcet","AP PGLCET","active","Entrance","Law","Law PG","UG | PG | 12th","1","official_source_reviewed","/exam-logos/official-v1/4a61c4c6df6dcd9b2c78c75a.webp"
"ap-polycet","AP POLYCET","active","Entrance","Engineering","B.E. / B.Tech | Diploma/Polytechnic","10th","1","unresolved",""
"appsc-group-1","APPSC Group I","active","Sarkari","Government","Government Recruitment","UG | 12th | 10th","1","official_source_reviewed","/exam-logos/official-v1/942b689911f09730fce17f79.webp"
"apset","APSET","active","Entrance","Education","Multiple Courses","PG","1","official_source_reviewed","/exam-logos/official-v1/e6a640aa7125cb1d2894af34.webp"
"aifd-wat","Army Institute of Fashion & Design Written Admission Test","active","Entrance","Design | Defence","Multiple Courses","UG | 12th","1","official_source_reviewed","/exam-logos/official-v1/43ead7c02d6286d757435a15.webp"
"ail-let","Army Institute of Law Entrance Test","active","Entrance","Law | Defence","LL.B.","UG | 12th","1","official_source_reviewed","/exam-logos/official-v1/720199def465dd1e6a813b81.webp"
"assam-cee","Assam CEE","active","Entrance","Engineering","B.E. / B.Tech","UG | 12th","1","official_source_reviewed","/exam-logos/official-v1/e06ef5951dbe52cb9a127fbc.webp"
"assam-jlee","Assam JLEE","active","Entrance","Engineering","B.E. / B.Tech | Diploma/Polytechnic","UG | 12th","1","official_source_reviewed","/exam-logos/official-v1/e06ef5951dbe52cb9a127fbc.webp"
"assam-jmee","Assam JMEE","active","Entrance","Science | IT and Software","MCA","PG","1","official_source_reviewed","/exam-logos/official-v1/e06ef5951dbe52cb9a127fbc.webp"
"assam-pat","Assam PAT","active","Entrance","Engineering","B.E. / B.Tech | Diploma/Polytechnic","UG | PG","1","existing_catalog_mark","https://aws-origin.dekhocampus.com/storage/v1/object/public/legacy-public-assets/sanitized/bottom-12-v1/ce/ce5ba6dfdfdb3e730c06b300008a96a0f5770fa9134e3b9b50c08e2a37029a58.webp"
"atit","ATIT","active","Entrance","Engineering | Science","B.E. / B.Tech | B.Sc.","UG | 12th","1","official_source_reviewed","/exam-logos/official-v1/705477457c0bb385b18cced1.webp"
"atma","ATMA","active","Entrance","Management","MBA/PGDM","PG","1","official_source_reviewed","/exam-logos/official-v1/f0dddbdb30f1ce28a17dad8b.webp"
"bbau","Babasaheb Bhimrao Ambedkar University","active","Entrance","General","Multiple Courses","UG | 12th","1","official_source_reviewed","/exam-logos/official-v1/6709b116d39f43481a735ef8.webp"
"du-llb","Bachelor of Legislative Law or Legum Baccalaureus","active","Entrance","Law","LL.B.","UG | 12th","1","official_source_reviewed","/exam-logos/official-v1/fb0ba290ceac9d949ad13e89.webp"
"bhu-pet","Banaras Hindu University Postgraduate Entrance Test","active","Entrance","General","Multiple Courses","PG","1","existing_catalog_mark","https://aws-origin.dekhocampus.com/storage/v1/object/public/legacy-public-assets/sanitized/bottom-12-v1/d4/d46fc98ee89f5d830fc17e41eb07cd9758c440e7bcbc827708ef148bc0cc8995.webp"
"bhu-uet","Banaras Hindu University Undergraduate Entrance Test","active","Entrance","General","B.E. / B.Tech","UG | 12th","1","existing_catalog_mark","https://aws-origin.dekhocampus.com/storage/v1/object/public/legacy-public-assets/sanitized/bottom-12-v1/c8/c8d499aba823381c72bb43df928c0b08ab4809163c81d3e1520be4d01fd828a6.webp"
"buat","Banasthali University Aptitude Test","active","Entrance","General","Multiple Courses","UG | PG","1","existing_catalog_mark","https://aws-origin.dekhocampus.com/storage/v1/object/public/legacy-public-assets/sanitized/bottom-12-v1/1b/1baf880000c4ce8da2d79f7178460188833ee16d2b6b010fa0d3756f83b048f7.webp"
"banda-university-of-agriculture-and-technology","Banda University of Agriculture and Technology","active","Entrance","Agriculture","Agriculture","UG | 12th","1","official_source_reviewed","/exam-logos/official-v1/0e5ef90a054449519d456bb0.webp"
"bcece","BCECE","active","Entrance","Engineering | Medical | Agriculture","B.E. / B.Tech | Agriculture","UG | PG","1","official_source_reviewed","/exam-logos/official-v1/5381dd9ddc7a01c8b0667fef.webp"
"beee","BEEE","active","Entrance","Engineering | Science | Education","B.E. / B.Tech","UG | 12th","1","official_source_reviewed","/exam-logos/official-v1/bc9ddf6be2164b18f5127aa6.webp"
"bet-biotechnology","BET","active","Entrance","Science","Multiple Courses","UG | PG","1","official_source_reviewed","/exam-logos/official-v1/79ccf53f16e85a28a9b90286.webp"
"bharati-vidyapeeth-common-entrance-test","Bharati Vidyapeeth Common Entrance Test","active","Entrance","Education","Multiple Courses","UG | PG","1","official_source_reviewed","/exam-logos/official-v1/6d2380baa1565df137ffc5a3.webp"
"bihar-bed-cet","Bihar B.Ed CET","active","Entrance","Education","B.Ed","UG | 12th","1","official_source_reviewed","/exam-logos/official-v1/d9a29f48302cd9d4a5b8b934.webp"
"bihar-deled","Bihar D.El.Ed JEE","active","Entrance","Engineering | Education","B.E. / B.Tech | D.El.Ed | Diploma/Polytechnic","UG | 12th","1","official_source_reviewed","/exam-logos/official-v1/4cf73e8d5a6d5c6de5575d32.webp"
"bihar-dcece","Bihar DCECE","active","Entrance","Engineering | Medical","Diploma/Polytechnic","UG | 12th | 10th","1","official_source_reviewed","/exam-logos/official-v1/5381dd9ddc7a01c8b0667fef.webp"
"bihar-dece-le","Bihar DECE (LE)","active","Entrance","Engineering","Diploma/Polytechnic","UG | PG","1","official_source_reviewed","/exam-logos/official-v1/5381dd9ddc7a01c8b0667fef.webp"
"bihar-iticat","Bihar ITICAT","active","Entrance","General","Multiple Courses","10th","1","official_source_reviewed","/exam-logos/official-v1/5381dd9ddc7a01c8b0667fef.webp"
"bitsat-exam","Birla Institute of Technology and Science Admission Test - Session 1","active","Entrance","Engineering | Medical | Pharmacy | Science","B.E. / B.Tech | B.Pharm","UG | PG","1","official_source_reviewed","/exam-logos/official-v1/91c9c64e7f0ca133fe777af7.webp"
"bitsat-exam-2","Birla Institute of Technology and Science Admission Test - Session 2","active","Entrance","Engineering | Science","B.E. / B.Tech","UG | 12th","1","existing_catalog_mark","https://aws-origin.dekhocampus.com/storage/v1/object/public/legacy-public-assets/sanitized/bottom-12-v1/43/437df8f07a2deafb67860e7c61aaa179b109733d086b18cde1939d60e409da80.webp"
"bits-hd","BITS HD Test","active","Entrance","Engineering | Pharmacy","M.E./M.Tech | M.Pharm","PG","1","official_source_reviewed","/exam-logos/official-v1/91c9c64e7f0ca133fe777af7.webp"
"bitsat","BITSAT","active","Entrance","Engineering","B.E. / B.Tech","UG | 12th","1","official_source_reviewed","/exam-logos/official-v1/91c9c64e7f0ca133fe777af7.webp"
"bpsc-cce","BPSC CCE","active","Sarkari","Government","Government Recruitment","UG | 12th | 10th","1","official_source_reviewed","/exam-logos/official-v1/685a1a7b3919999130826ce0.webp"
"bvp-cet","BVP CET","active","Entrance","General","Multiple Courses","UG | 12th","1","official_source_reviewed","/exam-logos/official-v1/6d2380baa1565df137ffc5a3.webp"
"ca-final","CA Final","active","Entrance","General","Multiple Courses","UG | PG","1","official_source_reviewed","/exam-logos/official-v1/649fbabed304fc3696925969.webp"
"ca-foundation","CA Foundation","active","Entrance","Commerce","Multiple Courses","UG | PG","1","official_source_reviewed","/exam-logos/official-v1/649fbabed304fc3696925969.webp"
"ca-intermediate","CA Intermediate","active","Board","Commerce","School Board","UG | 12th","1","official_source_reviewed","/exam-logos/official-v1/649fbabed304fc3696925969.webp"
"common-admission-test","CAT","active","Entrance","Management","MBA/PGDM","PG","1","official_source_reviewed","/exam-logos/official-v1/2307187e9f1f69c09e88adae.webp"
"CEED","CEED","active","Entrance","Design","M.Des","PG","1","official_source_reviewed","/exam-logos/official-v1/9f454a73d02b9777482daf5a.webp"
"ceeta-pg","CEETA-PG","active","Entrance","Engineering | Architecture","B.E. / B.Tech | M.E./M.Tech","PG","1","official_source_reviewed","/exam-logos/official-v1/ba534cd54a4aeb457bcee736.webp"
"cuet","Central Universities Common Entrance Test","active","Entrance","Arts","Multiple Courses","UG | 12th","1","official_source_reviewed","/exam-logos/official-v1/79ccf53f16e85a28a9b90286.webp"
"cg-pat","CG PAT","active","Entrance","Agriculture","Agriculture","UG | 12th","1","official_source_reviewed","/exam-logos/official-v1/d1f2517a0d30c12e1629e02d.webp"
"cg-pet","CG PET","active","Entrance","Engineering | Agriculture","B.E. / B.Tech | Agriculture","UG | 12th","1","official_source_reviewed","/exam-logos/official-v1/d1f2517a0d30c12e1629e02d.webp"
"cg-ppht","CG PPHT","active","Entrance","Medical | Pharmacy | Science","Multiple Courses","UG | 12th","1","official_source_reviewed","/exam-logos/official-v1/d1f2517a0d30c12e1629e02d.webp"
"cg-ppt","CG PPT","active","Entrance","Engineering","B.E. / B.Tech | Diploma/Polytechnic","10th","1","official_source_reviewed","/exam-logos/official-v1/d1f2517a0d30c12e1629e02d.webp"
"cg-pre-bed","CG Pre B.Ed","active","Entrance","Education","B.Ed","UG | 12th","1","official_source_reviewed","/exam-logos/official-v1/d1f2517a0d30c12e1629e02d.webp"
"cg-pre-deled","CG Pre D.El.Ed","active","Entrance","Education","D.El.Ed | Diploma/Polytechnic","UG | 12th","1","official_source_reviewed","/exam-logos/official-v1/d1f2517a0d30c12e1629e02d.webp"
"ca-cpt","Chartered Accountant Common Proficiency Test","active","Entrance","Law | Arts | IT and Software | Commerce","B.E. / B.Tech | LL.B.","UG | 12th","1","official_source_reviewed","/exam-logos/official-v1/649fbabed304fc3696925969.webp"
"chhattisgarh-pre-master-of-computer-applications","Chhattisgarh Pre Master of Computer Applications","active","Entrance","Management | Science | IT and Software","MCA","PG","1","official_source_reviewed","/exam-logos/official-v1/d1f2517a0d30c12e1629e02d.webp"
"cg-pvpt","Chhattisgarh Pre Veterinary and Polytechnic Test","active","Entrance","Engineering","Diploma/Polytechnic","UG | PG","1","existing_catalog_mark","https://aws-origin.dekhocampus.com/storage/v1/object/public/legacy-public-assets/sanitized/bottom-12-v1/02/02d795cf673bed9c1893637e39fd754dcc8e6c5871a244bad37882b71a29068d.webp"
"cg-pb-b-sc-exam","Chhattisgarh Professional Examination Board Exam","active","Board","Medical | Nursing | Science | Education","B.Sc. | Nursing | School Board","UG | 12th","1","official_source_reviewed","/exam-logos/official-v1/d1f2517a0d30c12e1629e02d.webp"
"christ-entrance-test","CHRIST Entrance Test","active","Entrance","General","Multiple Courses","UG | 12th","1","official_source_reviewed","/exam-logos/official-v1/66de07d171870c82f8ef7d9a.webp"
"culee","Christ University Law Entrance Exam.","active","Entrance","Law","LL.B.","UG | 12th","1","official_source_reviewed","/exam-logos/official-v1/66de07d171870c82f8ef7d9a.webp"
"clat","CLAT","active","Entrance","Law","Law PG","UG | PG | 12th","1","official_source_reviewed","/exam-logos/official-v1/af02e9822662cab790236390.webp"
"cma-final","CMA Final","active","Entrance","Management | Commerce","Multiple Courses","UG | PG","1","official_source_reviewed","/exam-logos/official-v1/b36767e465c7eb57d33a23b5.webp"
"cma-foundation","CMA Foundation","active","Entrance","Management | Commerce","Multiple Courses","UG | PG","1","official_source_reviewed","/exam-logos/official-v1/b36767e465c7eb57d33a23b5.webp"
"cma-intermediate","CMA Intermediate","active","Board","Management | Commerce","School Board","UG | 12th","1","official_source_reviewed","/exam-logos/official-v1/b36767e465c7eb57d33a23b5.webp"
"cmat","CMAT","active","Entrance","Management","MBA/PGDM","UG | PG","1","official_source_reviewed","/exam-logos/official-v1/79ccf53f16e85a28a9b90286.webp"
"cmi-entrance","CMI Entrance Examination","active","Entrance","Science","M.Sc. | Ph.D.","UG | PG | 12th","1","official_source_reviewed","/exam-logos/official-v1/9177eecf088d56805807afac.webp"
"cmruat","CMRUAT","active","Entrance","General","Multiple Courses","UG | PG","1","official_source_reviewed","/exam-logos/official-v1/195f05e24a243556e29b8ccc.webp"
"tnpsc-ces","Combined Engineering Services Examination","active","Entrance","Engineering | Arts","B.E. / B.Tech","UG | PG","1","official_source_reviewed","/exam-logos/official-v1/20bccd993c9904b728049791.webp"
"cpnet-ug","Combined Pharamcy and Nursing Entrance Exam","active","Entrance","Medical | Pharmacy | Nursing","Nursing","UG | 12th","1","existing_catalog_mark","https://aws-origin.dekhocampus.com/storage/v1/object/public/legacy-public-assets/sanitized/bottom-12-v1/73/7381275d0f10b11cd96de2d3b84db1907b8f964308b79bd6605c64deb259b413.webp"
"comedk","COMEDK UGET","active","Entrance","Engineering | Medical","B.E. / B.Tech","UG | 12th","1","official_source_reviewed","/exam-logos/official-v1/b389f3d095c2202e7f15fe26.webp"
"cee-ampai-wb","Common Entrance Examination Association of Minority Professional Academic Institutes WB","active","Entrance","Engineering | Medical | Pharmacy | Management | IT and Software","B.E. / B.Tech | M.E./M.Tech | MBA/PGDM | B.Pharm | M.Pharm | MCA","UG | PG | 12th","1","existing_catalog_mark","https://aws-origin.dekhocampus.com/storage/v1/object/public/legacy-public-assets/sanitized/bottom-12-v1/d3/d31b398881d1561bdbe82c1b130c364094bfe53b36a446f9ba131f44ce65998a.webp"
"csir-ugc-net","Council of Scientific and Industrial Research National Eligibility Test","active","Entrance","Science","Ph.D.","PG","1","official_source_reviewed","/exam-logos/official-v1/79ccf53f16e85a28a9b90286.webp"
"cs-executive","CS Executive","active","Entrance","Commerce","Multiple Courses","UG | PG","1","official_source_reviewed","/exam-logos/official-v1/115cec1b7e0e6a7c0cb8c513.webp"
"cs-professional","CS Professional","active","Entrance","Commerce","Multiple Courses","UG | PG","1","official_source_reviewed","/exam-logos/official-v1/115cec1b7e0e6a7c0cb8c513.webp"
"cseet-icsi","CSEET","active","Entrance","Commerce","Multiple Courses","UG | PG","1","official_source_reviewed","/exam-logos/official-v1/115cec1b7e0e6a7c0cb8c513.webp"
"ctet","CTET","active","Sarkari","Education | Government","Government Recruitment","UG | 12th | 10th","1","official_source_reviewed","/exam-logos/official-v1/77b9d5c97540c0cb626e8fe6.webp"
"cucet-chandigarh","CUCET","active","Entrance","General","Multiple Courses","UG | 12th","1","official_source_reviewed","/exam-logos/official-v1/9e4363e145f4696d21687755.webp"
"cuee","CUEE","active","Entrance","General","Multiple Courses","UG | PG | 12th","1","official_source_reviewed","/exam-logos/official-v1/a5c1d639dfb3e1f823027b6e.webp"
"cuet-2026","CUET","active","Entrance","Science","Multiple Courses","UG | 12th","1","official_source_reviewed","/exam-logos/official-v1/79ccf53f16e85a28a9b90286.webp"
"cuet-pg","CUET PG","active","Entrance","General","Multiple Courses","UG | PG | 12th","1","official_source_reviewed","/exam-logos/official-v1/79ccf53f16e85a28a9b90286.webp"
"cusat-cat","CUSAT CAT","active","Entrance","Engineering | Law | Management | Science","B.E. / B.Tech | M.E./M.Tech | MBA/PGDM | Ph.D. | LL.B.","UG | PG | 12th","1","official_source_reviewed","/exam-logos/official-v1/3ab3bd2515bd8743b6c11c5e.webp"
"duet","Delhi University Entrance Test","active","Entrance","General","Multiple Courses","UG | 12th","1","official_source_reviewed","/exam-logos/official-v1/a0a76d637f00587bc9492e36.webp"
"du-jat","Delhi University Joint Admission Test","active","Entrance","Management | Science | Education","B.E. / B.Tech | BBA/BMS","UG | 12th","1","existing_catalog_mark","https://aws-origin.dekhocampus.com/storage/v1/object/public/legacy-public-assets/sanitized/bottom-12-v1/64/64716a7fae1d8a5bac8cb8a88b70f2d7fcccf9329da525c94cb7392f8686f92e.webp"
"dnb-pdcet","DNB PDCET","active","Entrance","Medical","Diploma/Polytechnic","PG","1","official_source_reviewed","/exam-logos/official-v1/32397b7a8d5ea2f2b9c04e3f.webp"
"dr-b-r-ambedkar-open-university","Dr. B.R.Ambedkar Open University","active","Entrance","General","Multiple Courses","UG | 12th","1","official_source_reviewed","/exam-logos/official-v1/a8ad3e0ef4bbad10c5ec8eed.webp"
"dsat","DSAT","active","Entrance","General","Multiple Courses","UG | 12th","1","official_source_reviewed","/exam-logos/official-v1/982a4ba07e2cef32102188b6.webp"
"fddi-aist","FDDI AIST","active","Entrance","Management | Design","Multiple Courses","UG | 12th","1","official_source_reviewed","/exam-logos/official-v1/e9b80142ca591d20dfa10819.webp"
"fet-nbems","FET","active","Entrance","Medical","Multiple Courses","PG","1","official_source_reviewed","/exam-logos/official-v1/32397b7a8d5ea2f2b9c04e3f.webp"
"ftii-jet","Film and Television Institute of India Joint Entrance Examination","active","Entrance","Medical","Multiple Courses","PG","1","official_source_reviewed","/exam-logos/official-v1/7ed753c1d5849393df8d2133.webp"
"fmge","FMGE","active","Entrance","Medical","Multiple Courses","UG | PG","1","official_source_reviewed","/exam-logos/official-v1/32397b7a8d5ea2f2b9c04e3f.webp"
"galgotias-engineering-entrance-exam","Galgotias Engineering Entrance Exam","active","Entrance","Engineering","B.E. / B.Tech","UG | 12th","1","official_source_reviewed","/exam-logos/official-v1/21b0fad269835b8d04cd0972.webp"
"gat-b","GAT-B","active","Entrance","Science","Multiple Courses","PG","1","official_source_reviewed","/exam-logos/official-v1/79ccf53f16e85a28a9b90286.webp"
"gate","GATE","active","Entrance","Engineering","B.E. / B.Tech | M.E./M.Tech | Ph.D.","PG","1","official_source_reviewed","/exam-logos/official-v1/5dd717c50f7b0c96668a1036.webp"
"gbpuat-entrance","GBPUAT Entrance Examination","active","Entrance","Science | Agriculture","Ph.D. | Agriculture","UG | PG | 12th","1","official_source_reviewed","/exam-logos/official-v1/7843b30590e714f69148a976.webp"
"gitam-admission-test","GITAM Admission Test","active","Entrance","Engineering | Law | Management | Science","B.E. / B.Tech | LL.B.","UG | PG | 12th","1","existing_catalog_mark","https://aws-origin.dekhocampus.com/storage/v1/object/public/legacy-public-assets/sanitized/bottom-12-v1/62/62cc1ec756db6fa84a460bf97910e047d99da4d70b812aac98fdfafbf6a3ff79.webp"
"gitam-gat","GITAM GAT","active","Entrance","General","Multiple Courses","UG | PG | 12th","1","existing_catalog_mark","https://aws-origin.dekhocampus.com/storage/v1/object/public/legacy-public-assets/sanitized/bottom-12-v1/62/62cc1ec756db6fa84a460bf97910e047d99da4d70b812aac98fdfafbf6a3ff79.webp"
"gsat","GITAM Science Admission Test","active","Entrance","Engineering | Science","B.E. / B.Tech","UG | PG | 12th","1","existing_catalog_mark","https://aws-origin.dekhocampus.com/storage/v1/object/public/legacy-public-assets/sanitized/bottom-12-v1/68/68a2de6118d0064d1b35fd562e184b6d4b010220ec7aceee3b3d7f003e393ee7.webp"
"gcet","Goa Common Entrance Test","active","Entrance","Engineering","B.E. / B.Tech","UG | 12th","1","existing_catalog_mark","https://aws-origin.dekhocampus.com/storage/v1/object/public/legacy-public-assets/sanitized/bottom-12-v1/f2/f2ef3e2513d737eb16376a10a9ea5eb4bc4bb1b0e44312096c6a877a4d6f98fe.webp"
"gbpuat","Govind Ballabh Pant University of Agriculture and Technology","active","Entrance","Agriculture","Agriculture","UG | 12th","1","official_source_reviewed","/exam-logos/official-v1/7843b30590e714f69148a976.webp"
"gpat","GPAT","active","Entrance","Medical | Pharmacy","B.Pharm | M.Pharm","PG","1","official_source_reviewed","/exam-logos/official-v1/79ccf53f16e85a28a9b90286.webp"
"gpsc-class-1-2","GPSC Class 1-2","active","Sarkari","Arts | Government","Government Recruitment","UG | 12th | 10th","1","official_source_reviewed","/exam-logos/official-v1/c4bd9f8554eb665cea91aec5.webp"
"graduate-management-admission-test","Graduate Management Admission Test","active","Study Abroad","Management","MBA/PGDM","UG | PG","1","existing_catalog_mark","https://aws-origin.dekhocampus.com/storage/v1/object/public/legacy-public-assets/sanitized/bottom-12-v1/62/6227292e39e110dbbad14adaf9f05ba8f0c06fbe836aae82a99196d1cffb2236.webp"
"gre","Graduate Record Examinations","active","Study Abroad","Law | Arts","LL.B.","UG | PG","1","official_source_reviewed","/exam-logos/official-v1/bf164cb2f5870238acb13823.webp"
"guee","GUEE","active","Entrance","General","Multiple Courses","UG | PG","1","official_source_reviewed","/exam-logos/official-v1/21b0fad269835b8d04cd0972.webp"
"gset","Gujarat State Eligibility Test","active","Entrance","General","Multiple Courses","PG","1","official_source_reviewed","/exam-logos/official-v1/43ce0e42f21db16e6809a0c8.webp"
"gujcet","GUJCET","active","Entrance","Engineering | Medical | Pharmacy | Science | Arts","B.E. / B.Tech","UG | 12th","1","official_source_reviewed","/exam-logos/official-v1/8bb49f8ba87559d93fa099e5.webp"
"gndu-gmet","Guru Nanak Dev University Management Entrance Test","active","Entrance","Management","MBA/PGDM","PG","1","existing_catalog_mark","https://aws-origin.dekhocampus.com/storage/v1/object/public/legacy-public-assets/sanitized/bottom-12-v1/eb/ebdf13b4f69480e0f9d2e55667484730eec9b85a60927213c5c40865d7d6ac5f.webp"
"haryana-lateral-entry-entrance-test","Haryana Lateral Entry Entrance Test","active","Entrance","Engineering","B.E. / B.Tech | Diploma/Polytechnic","UG | 12th","1","existing_catalog_mark","https://aws-origin.dekhocampus.com/storage/v1/object/public/legacy-public-assets/sanitized/bottom-12-v1/19/1913a66f971a6415b7bb64cb408a567ba1b53a4c30c366783c9166a9f22cdc83.webp"
"hp-b-sc-nursing-exam","Himachal Pradesh Bachelor of Science in Nursing Entrance Test","active","Entrance","Nursing | Science","B.Sc. | Nursing","UG | 12th","1","official_source_reviewed","/exam-logos/official-v1/94a06ea3e55eaa5375456694.webp"
"himachal-pradesh-polytechnic-admission-test","Himachal Pradesh Polytechnic Admission Test","active","Entrance","Engineering","B.E. / B.Tech | Diploma/Polytechnic","10th","1","official_source_reviewed","/exam-logos/official-v1/0ee415300fdccddcf768a8c7.webp"
"hpu-mat","Himachal Pradesh University Management Aptitude Test","active","Entrance","Management","MBA/PGDM","PG","1","official_source_reviewed","/exam-logos/official-v1/b05a19230531fd4046d60f4e.webp"
"hitseee","HITSEEE","active","Entrance","Engineering | Science | Architecture","B.E. / B.Tech | B.Des | B.Arch","UG | 12th","1","official_source_reviewed","/exam-logos/official-v1/cf30a007fad4edc0f880a99a.webp"
"ap-horticet","HORTICET","active","Entrance","Agriculture","Diploma/Polytechnic | Agriculture","UG | PG","1","official_source_reviewed","/exam-logos/official-v1/38de076598f25781c79433e4.webp"
"hp-leet","HP LEET","active","Entrance","Engineering","Diploma/Polytechnic","UG | PG","1","official_source_reviewed","/exam-logos/official-v1/0ee415300fdccddcf768a8c7.webp"
"hp-pat","HP PAT","active","Entrance","Engineering | Medical | Pharmacy","B.E. / B.Tech | Diploma/Polytechnic","10th","1","official_source_reviewed","/exam-logos/official-v1/0ee415300fdccddcf768a8c7.webp"
"hp-set","HP SET","active","Entrance","Education","Multiple Courses","PG","1","unresolved",""
"hpcet","HPCET","active","Entrance","Engineering | Medical | Pharmacy | Management | IT and Software","B.E. / B.Tech | MBA/PGDM | MCA","UG | PG | 12th","1","official_source_reviewed","/exam-logos/official-v1/e379e733fb7f4dbf9b5d063c.webp"
"hpsc-hcs","HPSC HCS","active","Sarkari","Government","Government Recruitment","UG | 12th | 10th","1","official_source_reviewed","/exam-logos/official-v1/6fa60278d81105e4e2e6a66b.webp"
"hssc-cet","HSSC CET","active","Sarkari","Government","Government Recruitment","UG | 12th | 10th","1","official_source_reviewed","/exam-logos/official-v1/c5dff0f2ae667bf105fc7e86.webp"
"ib-acio-executive","IB ACIO-II/Executive","active","Sarkari","Government","Government Recruitment","UG | 12th | 10th","1","official_source_reviewed","/exam-logos/official-v1/50a836c0ddeee59b69a2c75f.webp"
"ibps-csa","IBPS CSA","active","Sarkari","Arts | Banking | Government","Government Recruitment","UG | 12th | 10th","1","official_source_reviewed","/exam-logos/official-v1/726bb8d844cfe9fb83a01aa8.webp"
"ibps-po","IBPS PO/MT XVI","active","Sarkari","Management | Banking | Government","Government Recruitment","UG | 12th | 10th","1","official_source_reviewed","/exam-logos/official-v1/726bb8d844cfe9fb83a01aa8.webp"
"ibps-cwe-rrb","IBPS Regional Rural Banks Common Written Test","active","Sarkari","Arts | Banking | Railways | Government","Government Recruitment","UG | 12th | 10th","1","official_source_reviewed","/exam-logos/official-v1/726bb8d844cfe9fb83a01aa8.webp"
"ibps-rrb-office-assistant","IBPS RRB Office Assistant","active","Sarkari","Arts | Banking | Railways | Government","Government Recruitment","UG | 12th | 10th","1","official_source_reviewed","/exam-logos/official-v1/726bb8d844cfe9fb83a01aa8.webp"
"ibps-rrb-officer-scale-i","IBPS RRB Officer Scale I","active","Sarkari","Banking | Railways | Government","Government Recruitment","UG | 12th | 10th","1","official_source_reviewed","/exam-logos/official-v1/726bb8d844cfe9fb83a01aa8.webp"
"ibps-so","IBPS Specialist Officer XVI","active","Sarkari","Banking | Government","Government Recruitment","UG | 12th | 10th","1","official_source_reviewed","/exam-logos/official-v1/726bb8d844cfe9fb83a01aa8.webp"
"ibsat","IBSAT","active","Entrance","Management | Arts","MBA/PGDM","PG","1","official_source_reviewed","/exam-logos/official-v1/e376f8e4b81b2c6d7f1c6df4.webp"
"icai-intt-at","ICAI INTT-AT","active","Entrance","General","Multiple Courses","UG | PG","1","official_source_reviewed","/exam-logos/official-v1/649fbabed304fc3696925969.webp"
"icar-aice-jrf-srf-phd","ICAR AICE JRF/SRF PhD","active","Entrance","Science | Agriculture","Ph.D. | Agriculture","PG","1","official_source_reviewed","/exam-logos/official-v1/79ccf53f16e85a28a9b90286.webp"
"icar-aieea-pg","ICAR AIEEA PG","active","Entrance","Agriculture","Agriculture","PG","1","official_source_reviewed","/exam-logos/official-v1/79ccf53f16e85a28a9b90286.webp"
"icmai-cat-part-i","ICMAI CAT Part I","active","Entrance","Management","MBA/PGDM","UG | PG","1","official_source_reviewed","/exam-logos/official-v1/b36767e465c7eb57d33a23b5.webp"
"ignou-bed-entrance","IGNOU B.Ed Entrance","active","Entrance","Education","B.Ed","UG | 12th","1","official_source_reviewed","/exam-logos/official-v1/4fbb89660ef3569c6dd16fa9.webp"
"ignou-openmat-entrance-exam","IGNOU OPENMAT Entrance Exam","active","Entrance","Management","MBA/PGDM","PG","1","official_source_reviewed","/exam-logos/official-v1/4fbb89660ef3569c6dd16fa9.webp"
"iiith-leee","IIIT Hyderabad LEEE","active","Entrance","Engineering","B.E. / B.Tech | Diploma/Polytechnic","UG | 12th","1","official_source_reviewed","/exam-logos/official-v1/3063ea03ccbe3497cb843f86.webp"
"iiith-pgee","IIIT Hyderabad PGEE","active","Entrance","Medical | Science","M.E./M.Tech | MD/MS | Ph.D.","PG","1","official_source_reviewed","/exam-logos/official-v1/3063ea03ccbe3497cb843f86.webp"
"iiith-ugee","IIIT Hyderabad UGEE","active","Entrance","Engineering","B.E. / B.Tech","UG | 12th","1","official_source_reviewed","/exam-logos/official-v1/3063ea03ccbe3497cb843f86.webp"
"ipmat-rohtak","IIM Rohtak IPM AT","active","Entrance","Management","Multiple Courses","UG | 12th | 10th","1","official_source_reviewed","/exam-logos/official-v1/4d0d046c1b9674a2d620a206.webp"
"iiser-iat","IISER IAT","active","Entrance","Medical | Science","B.E. / B.Tech | MD/MS","UG | PG | 12th","1","unresolved",""
"iit-jam","IIT JAM","active","Entrance","Science","M.Sc.","PG","1","existing_catalog_mark","https://aws-origin.dekhocampus.com/storage/v1/object/public/legacy-public-assets/sanitized/bottom-12-v1/71/71ebd95df6ee76ae6db4c6f3ab69f1c9e89067d6775250659ca8fd24fd6ee035.webp"
"imu-cet","IMU CET","active","Entrance","Engineering | Medical | Management","B.E. / B.Tech | M.E./M.Tech | MBA/PGDM | B.Sc.","UG | PG | 12th","1","existing_catalog_mark","https://aws-origin.dekhocampus.com/storage/v1/object/public/legacy-public-assets/sanitized/bottom-12-v1/67/674713e5cfe3e1b4bd70c3713a06a143022316eb8502e17525df31cf66ada625.webp"
"indian-army-agniveer-cee","Indian Army Agniveer CEE","active","Sarkari","Medical | Education | Defence | Government","Government Recruitment","UG | 12th | 10th","1","official_source_reviewed","/exam-logos/official-v1/e4bf5aef8311fbf81a48150f.webp"
"icar-aieea","Indian Council of Agricultural Research All India Entrance Examination for Admission","active","Entrance","Science | Agriculture","Agriculture","UG | PG | 12th","1","official_source_reviewed","/exam-logos/official-v1/79ccf53f16e85a28a9b90286.webp"
"iiad","Indian Institute of Art and Design","active","Entrance","Design","M.Des","UG | PG | 12th","1","official_source_reviewed","/exam-logos/official-v1/c52c82f0c9c7d5feda7cccee.webp"
"iift","Indian Institute of Foreign Trade","active","Entrance","Management","MBA/PGDM","PG","1","existing_catalog_mark","https://aws-origin.dekhocampus.com/storage/v1/object/public/legacy-public-assets/sanitized/bottom-12-v1/62/62bb282338b8014c395b4c27de416f81c8d0fb7d2ef5baa23b67f433e5130e6f.webp"
"iimc-entrance-exam","Indian Institute of Mass Communication's Entrance Exam","active","Entrance","Arts","Multiple Courses","UG | PG","1","existing_catalog_mark","https://aws-origin.dekhocampus.com/storage/v1/object/public/legacy-public-assets/sanitized/bottom-12-v1/3a/3a0e5f1d043d26ef030a39a78426f359979b9e7ee7d272a9946c56a4e2e4db20.webp"
"imucet","Indian Maritime University Common Entrance Test","active","Entrance","Engineering | Medical | Management | Science","B.E. / B.Tech | M.E./M.Tech | MBA/PGDM | BBA/BMS","UG | PG | 12th","1","existing_catalog_mark","https://aws-origin.dekhocampus.com/storage/v1/object/public/legacy-public-assets/sanitized/bottom-12-v1/67/674713e5cfe3e1b4bd70c3713a06a143022316eb8502e17525df31cf66ada625.webp"
"indian-navy-agniveer-mr","Indian Navy Agniveer MR","active","Sarkari","Medical | Defence | Government","Government Recruitment","10th","1","official_source_reviewed","/exam-logos/official-v1/9d2997cae7ea437ade4cf1d1.webp"
"indian-navy-agniveer-ssr","Indian Navy Agniveer SSR","active","Sarkari","Medical | Defence | Government","Government Recruitment","UG | 12th","1","official_source_reviewed","/exam-logos/official-v1/9d2997cae7ea437ade4cf1d1.webp"
"indira-gandhi-rashtriya-uran-akademi-igrua","Indira Gandhi Rashtriya Uran Akademi (IGRUA)","active","Entrance","Engineering | Medical | Aviation | Education","B.E. / B.Tech","UG | PG","1","existing_catalog_mark","https://aws-origin.dekhocampus.com/storage/v1/object/public/legacy-public-assets/sanitized/bottom-12-v1/89/891d270ac954d1882bc6a5a066ca22cfe36da29ad87fb5ede7f274e588b6acd6.webp"
"iilet","Indore Institute of Law Entrance Test","active","Entrance","Law","LL.B.","UG | 12th","1","official_source_reviewed","/exam-logos/official-v1/0fb2a208f5b642d5737df44b.webp"
"indraprastha-university-common-entrance-test","Indraprastha University Common Entrance Test","active","Entrance","Medical | Law","LL.B.","UG | 12th","1","existing_catalog_mark","https://aws-origin.dekhocampus.com/storage/v1/object/public/legacy-public-assets/sanitized/bottom-12-v1/e4/e462e45b84168ddd4b1d3373287b12e25dca0642d9d53f06c522b9b333ddf38f.webp"
"iticat","Industrial Training Institute Competetive Admission Test","active","Entrance","General","Multiple Courses","UG | PG","1","official_source_reviewed","/exam-logos/official-v1/5381dd9ddc7a01c8b0667fef.webp"
"ini-cet","INI-CET","active","Entrance","Medical","MD/MS","PG","1","official_source_reviewed","/exam-logos/official-v1/f9b12d45fa2829cd8282bff2.webp"
"ini-ss","INI-SS","active","Entrance","Medical","MD/MS","PG","1","official_source_reviewed","/exam-logos/official-v1/f9b12d45fa2829cd8282bff2.webp"
"iemjee","Insitute of Engineering and Management Joint Entrance Exam","active","Entrance","Engineering | Management","B.E. / B.Tech","UG | 12th","1","official_source_reviewed","/exam-logos/official-v1/27c462899ec54684301d394d.webp"
"institute-of-banking-personnel-selection-clerk","Institute of Banking Personnel Selection-Clerk","active","Sarkari","Arts | Banking | Government","Government Recruitment","UG | 12th | 10th","1","official_source_reviewed","/exam-logos/official-v1/726bb8d844cfe9fb83a01aa8.webp"
"itm-nest","Institute of Technology and Management National Entrance and Scholarship Test","active","Entrance","Management","B.E. / B.Tech","UG | PG","1","official_source_reviewed","/exam-logos/official-v1/a2302e7416cb3afad77c648c.webp"
"ipmat","IPMAT","active","Entrance","Management","MBA/PGDM","UG | 12th | 10th","1","official_source_reviewed","/exam-logos/official-v1/9676ad0d2eaa3dbc6ac2e5f1.webp"
"ipmat-indore","IPMAT Indore","active","Entrance","Management","Multiple Courses","UG | 12th | 10th","1","official_source_reviewed","/exam-logos/official-v1/9676ad0d2eaa3dbc6ac2e5f1.webp"
"ipu-cet","IPU CET","active","Entrance","General","Multiple Courses","UG | PG","1","official_source_reviewed","/exam-logos/official-v1/793b36b0759fbee98705a258.webp"
"irmasat","IRMA Social Awareness Test","active","Entrance","Management","MBA/PGDM","UG | PG","1","official_source_reviewed","/exam-logos/official-v1/f66158f9da255070005b8da1.webp"
"isi-admission-test","ISI Admission Test","active","Entrance","Engineering | Science","M.E./M.Tech","PG","1","official_source_reviewed","/exam-logos/official-v1/3eddd4a582ef68be4c7b6643.webp"
"jain-jet","JAIN Entrance Test","active","Entrance","General","Multiple Courses","UG | PG | 12th","1","official_source_reviewed","/exam-logos/official-v1/2c42facc1cf033c7569f2ac4.webp"
"jmiee","Jamia Millia Islamia University Entrance entrance examination","active","Entrance","General","Multiple Courses","UG | PG | 12th","1","existing_catalog_mark","https://aws-origin.dekhocampus.com/storage/v1/object/public/legacy-public-assets/sanitized/bottom-12-v1/f9/f9c5a8de2e2f8aed36495df27a7ebd3d23d9c66d94000c2fdc7d4382d7c075b6.webp"
"jkpet","Jammu and Kashmir Polytechnic Entrance Test","active","Entrance","Engineering","B.E. / B.Tech | Diploma/Polytechnic","10th","1","existing_catalog_mark","https://aws-origin.dekhocampus.com/storage/v1/object/public/legacy-public-assets/sanitized/bottom-12-v1/07/073425a64165315ce12fdbb4cf94031e83fe4e7d0d59b45190914a27a1230115.webp"
"jipmer-pg","Jawaharlal Institute of Postgraduate Medical Education & Research (MD MS)","active","Entrance","Medical | Science | Education","B.E. / B.Tech | MD/MS","PG","1","existing_catalog_mark","https://aws-origin.dekhocampus.com/storage/v1/object/public/legacy-public-assets/sanitized/bottom-12-v1/c6/c6b475278c654d8efcffa647464c0b222864fcebfbad93a1c3b66ee49e8ede11.webp"
"jawaharlal-nehru-university-combined-entrance-examination-for-biotechnology","Jawaharlal Nehru University Combined Entrance Examination for Biotechnology","active","Entrance","General","Multiple Courses","UG | PG","1","official_source_reviewed","/exam-logos/official-v1/7722150eeadc05d0350e831d.webp"
"jcece-agriculture","JCECE Agriculture & Allied","active","Entrance","Science | Agriculture","Agriculture","UG | 12th","1","official_source_reviewed","/exam-logos/official-v1/342cf40b5b4ddfabc74b2d1c.webp"
"wbjee-jeca","JECA","active","Entrance","Engineering | Science | IT and Software","B.E. / B.Tech | MCA","PG","1","official_source_reviewed","/exam-logos/official-v1/79bea5608067e790c3a8d0f3.webp"
"jee-advanced","JEE Advanced","active","Entrance","Engineering","B.E. / B.Tech","UG | 12th","1","official_source_reviewed","/exam-logos/official-v1/b5a3ce3b78d5276f323522b7.webp"
"jee-mains","JEE Main","active","Entrance","Engineering | Architecture","B.E. / B.Tech | B.Arch","UG | 12th","1","official_source_reviewed","/exam-logos/official-v1/79ccf53f16e85a28a9b90286.webp"
"jeecup","JEECUP","active","Entrance","Engineering","B.E. / B.Tech | Diploma/Polytechnic","10th","1","official_source_reviewed","/exam-logos/official-v1/cd2c14c6f2736af0b2038279.webp"
"wbjee-jelet","JELET","active","Entrance","Engineering | Medical | Pharmacy | Architecture","B.E. / B.Tech | B.Sc. | Diploma/Polytechnic","UG | 12th","1","official_source_reviewed","/exam-logos/official-v1/79bea5608067e790c3a8d0f3.webp"
"jemas-pg","JEMAS(PG)","active","Entrance","Medical","MD/MS","PG","1","official_source_reviewed","/exam-logos/official-v1/79bea5608067e790c3a8d0f3.webp"
"jemscn","JEMScN","active","Entrance","Nursing | Science","M.Sc. | Nursing","PG","1","official_source_reviewed","/exam-logos/official-v1/79bea5608067e790c3a8d0f3.webp"
"jenpas-ug","JENPAS UG","active","Entrance","Medical | Nursing | Science","Nursing","UG | 12th","1","official_source_reviewed","/exam-logos/official-v1/79bea5608067e790c3a8d0f3.webp"
"jepbn","JEPBN","active","Entrance","Nursing","B.Sc. | Nursing","UG | 12th","1","official_source_reviewed","/exam-logos/official-v1/79bea5608067e790c3a8d0f3.webp"
"jest","JEST","active","Entrance","Science | IT and Software","Ph.D.","PG","1","official_source_reviewed","/exam-logos/official-v1/da83265677e132848a8650e3.webp"
"jharkhand-bed-entrance","Jharkhand B.Ed Entrance","active","Entrance","Education","B.Ed | M.Ed","UG | PG","1","official_source_reviewed","/exam-logos/official-v1/342cf40b5b4ddfabc74b2d1c.webp"
"jharkhand-bped-entrance","Jharkhand B.P.Ed Entrance","active","Entrance","Education","Multiple Courses","UG | PG","1","official_source_reviewed","/exam-logos/official-v1/342cf40b5b4ddfabc74b2d1c.webp"
"jcece","Jharkhand Combined Entrance Competitive Examination","active","Entrance","Agriculture","Agriculture","UG | 12th","1","official_source_reviewed","/exam-logos/official-v1/342cf40b5b4ddfabc74b2d1c.webp"
"jharkhand-diploma-le","Jharkhand Diploma Lateral Entry","active","Entrance","Engineering","Diploma/Polytechnic","UG | PG","1","official_source_reviewed","/exam-logos/official-v1/342cf40b5b4ddfabc74b2d1c.webp"
"jharkhand-engineering-le","Jharkhand Engineering Lateral Entry","active","Entrance","Engineering","B.E. / B.Tech | Diploma/Polytechnic","UG | 12th","1","official_source_reviewed","/exam-logos/official-v1/342cf40b5b4ddfabc74b2d1c.webp"
"jharkhand-med-entrance","Jharkhand M.Ed Entrance","active","Entrance","Education","B.Ed | M.Ed","PG","1","official_source_reviewed","/exam-logos/official-v1/342cf40b5b4ddfabc74b2d1c.webp"
"jharkhand-pece","Jharkhand PECE","active","Entrance","Engineering","Diploma/Polytechnic","10th","1","official_source_reviewed","/exam-logos/official-v1/342cf40b5b4ddfabc74b2d1c.webp"
"jipmat","JIPMAT","active","Entrance","Management","MBA/PGDM","UG | 12th","1","official_source_reviewed","/exam-logos/official-v1/79ccf53f16e85a28a9b90286.webp"
"jkcet","JKCET","active","Entrance","Engineering | Science","B.E. / B.Tech","UG | 12th","1","official_source_reviewed","/exam-logos/official-v1/8d665f84d7d9a1fa9744acc7.webp"
"jmi-ba-llb","JMI B.A. LL.B. Entrance","active","Entrance","Law","LL.B.","UG | 12th","1","official_source_reviewed","/exam-logos/official-v1/3e3988765d21f67b15999317.webp"
"jmi-bed","JMI B.Ed Entrance","active","Entrance","Education","B.Ed","UG | 12th","1","official_source_reviewed","/exam-logos/official-v1/3e3988765d21f67b15999317.webp"
"jmi-mba","JMI MBA Entrance","active","Entrance","Management","MBA/PGDM","UG | PG | 12th","1","official_source_reviewed","/exam-logos/official-v1/3e3988765d21f67b15999317.webp"
"jmi-mca","JMI MCA Entrance","active","Entrance","Science | IT and Software","MCA","UG | PG | 12th","1","official_source_reviewed","/exam-logos/official-v1/3e3988765d21f67b15999317.webp"
"joint-admission-test-for-masters","Joint Admission Test for Masters","active","Entrance","Science","M.Sc.","UG | PG | 12th","1","existing_catalog_mark","https://aws-origin.dekhocampus.com/storage/v1/object/public/legacy-public-assets/sanitized/bottom-12-v1/71/71ebd95df6ee76ae6db4c6f3ab69f1c9e89067d6775250659ca8fd24fd6ee035.webp"
"csir-ugc-net-june-2026","Joint CSIR-UGC NET June 2026","active","Entrance","Science","Ph.D.","PG","1","official_source_reviewed","/exam-logos/official-v1/79ccf53f16e85a28a9b90286.webp"
"jexpo","Joint Entrance Exam for Polytechnics","active","Entrance","Engineering","B.E. / B.Tech | Diploma/Polytechnic","10th","1","official_source_reviewed","/exam-logos/official-v1/a8d4a144026c67e886db2a7c.webp"
"jee-mains-2","Joint Entrance Examination (Mains) - Session 2","active","Entrance","Engineering","B.E. / B.Tech","UG | 12th","1","existing_catalog_mark","https://aws-origin.dekhocampus.com/storage/v1/object/public/legacy-public-assets/sanitized/bottom-12-v1/80/80f5c6347d7794221f803a436d8fa1699ca04017928282e284dcb819c5340f83.webp"
"wb-jemat","Joint Entrance Management Aptitude Test","active","Entrance","Management","MBA/PGDM","UG | PG | 12th","1","existing_catalog_mark","https://aws-origin.dekhocampus.com/storage/v1/object/public/legacy-public-assets/sanitized/bottom-12-v1/c9/c9ee018dec7fa9ba6c1dfef265c04ad0a28f13521b15c1520544bc82f002b552.webp"
"jset","Joint Entrance Screening Test","active","Entrance","Science | IT and Software","Multiple Courses","UG | PG","1","official_source_reviewed","/exam-logos/official-v1/da83265677e132848a8650e3.webp"
"joint-integrated-programme-in-management-admission-test","Joint Integrated Programme in Management Admission Test","active","Entrance","Management","MBA/PGDM","UG | 12th","1","official_source_reviewed","/exam-logos/official-v1/79ccf53f16e85a28a9b90286.webp"
"jpsc-combined-civil-services","JPSC Combined Civil Services","active","Sarkari","Government","Government Recruitment","UG | 12th | 10th","1","unresolved",""
"kalinga-institute-of-industrial-technology-entrance-exam","Kalinga Institute of Industrial Technology Entrance Exam","active","Entrance","Engineering | Medical","B.E. / B.Tech | MBBS","UG | 12th","1","existing_catalog_mark","https://aws-origin.dekhocampus.com/storage/v1/object/public/legacy-public-assets/sanitized/bottom-12-v1/f7/f74193858641247900e3a3879e9ee63c526714903f3e374e744b759304e1081a.webp"
"karnataka-dcet","Karnataka DCET","active","Entrance","Engineering","B.E. / B.Tech | Diploma/Polytechnic","UG | PG","1","official_source_reviewed","/exam-logos/official-v1/6c147de399c18b27191d67bd.webp"
"kmat","Karnataka Management Aptitude Test","active","Entrance","Management | IT and Software","MBA/PGDM | MCA","PG","1","official_source_reviewed","/exam-logos/official-v1/20200f0837fbdedb999b97a4.webp"
"karnataka-pgcet","Karnataka PGCET","active","Entrance","Engineering | Management | IT and Software","M.E./M.Tech | MBA/PGDM | MCA","PG","1","official_source_reviewed","/exam-logos/official-v1/6c147de399c18b27191d67bd.webp"
"karnataka-state-eligibility-test","Karnataka State Eligibility Test","active","Entrance","General","Multiple Courses","PG","1","official_source_reviewed","/exam-logos/official-v1/6c147de399c18b27191d67bd.webp"
"kcet","KCET","active","Entrance","Engineering | Medical | Pharmacy | Science | Arts","B.E. / B.Tech","UG | 12th","1","official_source_reviewed","/exam-logos/official-v1/6c147de399c18b27191d67bd.webp"
"keam","KEAM","active","Entrance","Engineering | Medical | Architecture","B.E. / B.Tech","UG | 12th","1","official_source_reviewed","/exam-logos/official-v1/0f8f26e1cb8c2bb94a84bbf7.webp"
"kerala-kas","Kerala KAS","active","Sarkari","Government","Government Recruitment","UG | 12th | 10th","1","official_source_reviewed","/exam-logos/official-v1/33c24ed9f93018c92574e17d.webp"
"klee","Kerala Law Entrance Exam","active","Entrance","Law","LL.B.","UG | 12th","1","official_source_reviewed","/exam-logos/official-v1/0f8f26e1cb8c2bb94a84bbf7.webp"
"kerala-llm","Kerala LL.M Entrance","active","Entrance","Law","Law PG","UG | PG | 12th","1","official_source_reviewed","/exam-logos/official-v1/0f8f26e1cb8c2bb94a84bbf7.webp"
"kerala-pg-nursing","Kerala PG Nursing Entrance","active","Entrance","Nursing","B.Sc. | M.Sc. | Nursing","UG | PG | 12th","1","official_source_reviewed","/exam-logos/official-v1/0f8f26e1cb8c2bb94a84bbf7.webp"
"kerala-set","Kerala SET","active","Entrance","Education","Multiple Courses","PG","1","official_source_reviewed","/exam-logos/official-v1/79fd28c0292ee803300b49eb.webp"
"kiitee","KIITEE","active","Entrance","Engineering | Medical","B.E. / B.Tech","UG | 12th","1","existing_catalog_mark","https://aws-origin.dekhocampus.com/storage/v1/object/public/legacy-public-assets/sanitized/bottom-12-v1/f7/f74193858641247900e3a3879e9ee63c526714903f3e374e744b759304e1081a.webp"
"kvpy","Kishore Vaigyanik Protsahan Yojana","active","Entrance","Medical | Science","B.E. / B.Tech | B.Sc.","UG | 12th | 10th","1","official_source_reviewed","/exam-logos/official-v1/9960d280babaa575563474a0.webp"
"klee-3-year-llb","KLEE 3-Year LL.B.","active","Entrance","Law","LL.B.","UG | 12th","1","official_source_reviewed","/exam-logos/official-v1/0f8f26e1cb8c2bb94a84bbf7.webp"
"klee-5-year-llb","KLEE 5-Year LL.B.","active","Entrance","Law","LL.B.","UG | 12th","1","official_source_reviewed","/exam-logos/official-v1/0f8f26e1cb8c2bb94a84bbf7.webp"
"kleee","KLEEE","active","Entrance","Engineering","B.E. / B.Tech","UG | 12th","1","official_source_reviewed","/exam-logos/official-v1/76e664dc476dcad3b33206f4.webp"
"kmat-karnataka","KMAT Karnataka","active","Entrance","Management | IT and Software","MBA/PGDM | MCA","PG","1","official_source_reviewed","/exam-logos/official-v1/20200f0837fbdedb999b97a4.webp"
"kmat-kerala","KMAT Kerala","active","Entrance","Management","MBA/PGDM","PG","1","official_source_reviewed","/exam-logos/official-v1/0f8f26e1cb8c2bb94a84bbf7.webp"
"kpsc-kas","KPSC KAS","active","Sarkari","Arts | Government","Government Recruitment","UG | 12th | 10th","1","unresolved",""
"ks-dat","KS-DAT","active","Entrance","Design","B.Des","UG | 12th","1","official_source_reviewed","/exam-logos/official-v1/79fd28c0292ee803300b49eb.webp"
"kset","KSET","active","Entrance","Education","Multiple Courses","PG","1","official_source_reviewed","/exam-logos/official-v1/6c147de399c18b27191d67bd.webp"
"kuat-entrance-exam","KUAT Entrance Exam","active","Entrance","Management","Multiple Courses","UG | PG","1","official_source_reviewed","/exam-logos/official-v1/ac513f8f3dec0b069902c44d.webp"
"law-faculty-admission-test","Law Faculty Admission Test","active","Entrance","Law | Arts | Education | Banking","B.E. / B.Tech | LL.B.","UG | 12th","1","existing_catalog_mark","https://aws-origin.dekhocampus.com/storage/v1/object/public/legacy-public-assets/sanitized/bottom-12-v1/74/74cf14db114badb83b75fe4c2af9d880d5dea82fdae3de638960bfd934f83c62.webp"
"lsat","Law School Admission Test","active","Entrance","Law","LL.B.","UG | PG","1","official_source_reviewed","/exam-logos/official-v1/fc40a6f1e7f5e49b5c25156a.webp"
"lic-aao","LIC AAO","active","Sarkari","Banking | Government","Government Recruitment","UG | 12th | 10th","1","official_source_reviewed","/exam-logos/official-v1/aa60838c1fef267390c23aff.webp"
"lpunest","LPUNEST","active","Entrance","General","B.E. / B.Tech","UG | 12th","1","official_source_reviewed","/exam-logos/official-v1/83ffd6cbec4c0bbe93b916ce.webp"
"lucknow-university-enterence-exam","LUCKNOW UNIVERSITY ENTERENCE EXAM","active","Entrance","General","Multiple Courses","UG | 12th","1","official_source_reviewed","/exam-logos/official-v1/00664c4b2390af69f516e0a1.webp"
"madhya-pradesh-pre-polytechnic-test","Madhya Pradesh Pre Polytechnic Test","active","Entrance","Engineering | Science","B.E. / B.Tech | Diploma/Polytechnic","UG | 12th | 10th","1","existing_catalog_mark","https://aws-origin.dekhocampus.com/storage/v1/object/public/legacy-public-assets/sanitized/bottom-12-v1/6c/6c3ab5a21fc4e53c4f6f8138d459a39d20730b8f84e9aa4924def8565c95bbba.webp"
"madhya-pradesh-public-service-commission","Madhya Pradesh Public Service Commission","active","Sarkari","Arts | Government","Government Recruitment","UG | 12th | 10th","1","official_source_reviewed","/exam-logos/official-v1/170bfba1cf929b63da1182ab.webp"
"mah-aac-cet","MAH AAC CET","active","Entrance","Design | Arts","Multiple Courses","UG | 12th","1","official_source_reviewed","/exam-logos/official-v1/87259f471cf3e25a8bf0251f.webp"
"mah-bdesign-cet","MAH B.Design CET","active","Entrance","Design","Multiple Courses","UG | 12th","1","official_source_reviewed","/exam-logos/official-v1/87259f471cf3e25a8bf0251f.webp"
"mah-bed-cet","MAH B.Ed CET","active","Entrance","Education","B.Ed","UG | 12th","1","official_source_reviewed","/exam-logos/official-v1/87259f471cf3e25a8bf0251f.webp"
"mah-bed-med-integrated-cet","MAH B.Ed-M.Ed Integrated CET","active","Entrance","Education","B.Ed | M.Ed","UG | PG","1","official_source_reviewed","/exam-logos/official-v1/87259f471cf3e25a8bf0251f.webp"
"mah-bped-cet","MAH B.P.Ed CET","active","Entrance","Education","Multiple Courses","UG | 12th","1","official_source_reviewed","/exam-logos/official-v1/87259f471cf3e25a8bf0251f.webp"
"mah-bba-bca-bms-bbm-cet","MAH BBA/BCA/BMS/BBM CET","active","Entrance","Management | IT and Software","BBA/BMS | BCA","UG | 12th","1","official_source_reviewed","/exam-logos/official-v1/87259f471cf3e25a8bf0251f.webp"
"mah-llb-3-year-cet","MAH LL.B. 3-Year CET","active","Entrance","Law","LL.B.","UG | 12th","1","official_source_reviewed","/exam-logos/official-v1/87259f471cf3e25a8bf0251f.webp"
"mah-llb-5-year-cet","MAH LL.B. 5-Year CET","active","Entrance","Law","LL.B.","UG | 12th","1","official_source_reviewed","/exam-logos/official-v1/87259f471cf3e25a8bf0251f.webp"
"mah-med-cet","MAH M.Ed CET","active","Entrance","Education","B.Ed | M.Ed","PG","1","official_source_reviewed","/exam-logos/official-v1/87259f471cf3e25a8bf0251f.webp"
"mah-mhmct-cet","MAH M.HMCT CET","active","Entrance","Management | Hotel Management","Multiple Courses","UG | PG | 12th","1","official_source_reviewed","/exam-logos/official-v1/87259f471cf3e25a8bf0251f.webp"
"mah-mped-cet","MAH M.P.Ed CET","active","Entrance","Education","Multiple Courses","PG","1","official_source_reviewed","/exam-logos/official-v1/87259f471cf3e25a8bf0251f.webp"
"mah-mba-mms-cet","MAH MBA/MMS CET","active","Entrance","Management","MBA/PGDM","PG","1","official_source_reviewed","/exam-logos/official-v1/87259f471cf3e25a8bf0251f.webp"
"mah-mca-cet","MAH MCA CET","active","Entrance","Science | IT and Software","MCA","UG | PG | 12th","1","official_source_reviewed","/exam-logos/official-v1/87259f471cf3e25a8bf0251f.webp"
"mah-b-hmct-cet","Maharashtra Bachelor of Hotel Management and Catering Technology Common Entrance Test","active","Entrance","Management | Hotel Management","Multiple Courses","UG | 12th","1","official_source_reviewed","/exam-logos/official-v1/87259f471cf3e25a8bf0251f.webp"
"maharashtra-common-entrance-test","Maharashtra Common Entrance Test","active","Entrance","Engineering | Medical | Pharmacy | Agriculture","B.E. / B.Tech | Agriculture","UG | 12th","1","official_source_reviewed","/exam-logos/official-v1/ff8c39332384bba34a1cd05a.webp"
"mah-mba-cet","Maharashtra Common Entrance Test for MBA/MMS","active","Entrance","Management","MBA/PGDM","UG | PG | 12th","1","official_source_reviewed","/exam-logos/official-v1/87259f471cf3e25a8bf0251f.webp"
"mcaer-pgcat","Maharashtra Council of Agriculture Education and Research Post-Graduate Common Entrance Test","active","Entrance","Science | Education | Agriculture","Agriculture","PG","1","existing_catalog_mark","https://aws-origin.dekhocampus.com/storage/v1/object/public/legacy-public-assets/sanitized/bottom-12-v1/ca/ca5ec08311e330e70382cd2c6c97e7a06a31d1f0d993ef5fc931066dec811e8d.webp"
"mdu-cee","Maharshi Dayanand University Common Entrance Exam","active","Entrance","General","Multiple Courses","UG | 12th","1","official_source_reviewed","/exam-logos/official-v1/c134ec5ffe3a3f197336f784.webp"
"mrnat","Manav Rachna National Aptitude Test","active","Entrance","General","Multiple Courses","UG | 12th","1","official_source_reviewed","/exam-logos/official-v1/efe58c982db681c565a4ba20.webp"
"mu-oet","Manipal University Online Entrance Test","active","Entrance","General","B.E. / B.Tech","UG | PG","1","official_source_reviewed","/exam-logos/official-v1/c0a66fdc484286c11e3091f2.webp"
"mat","MAT","active","Entrance","Management","MBA/PGDM","PG","1","official_source_reviewed","/exam-logos/official-v1/8b2c277b0c1419494158d6da.webp"
"met","MET","active","Entrance","Engineering | Science","B.E. / B.Tech | M.E./M.Tech","UG | PG | 12th","1","official_source_reviewed","/exam-logos/official-v1/c0a66fdc484286c11e3091f2.webp"
"mh-nursing-cet","MH Nursing CET","active","Entrance","Medical | Nursing | Science","B.Sc. | Nursing","UG | 12th","1","official_source_reviewed","/exam-logos/official-v1/87259f471cf3e25a8bf0251f.webp"
"mh-set","MH-SET","active","Entrance","General","Multiple Courses","PG","1","official_source_reviewed","/exam-logos/official-v1/1572a3e8da792004fdd8b3c6.webp"
"mht-cet","MHT CET","active","Entrance","Engineering | Medical | Pharmacy","B.E. / B.Tech","UG | 12th","1","official_source_reviewed","/exam-logos/official-v1/87259f471cf3e25a8bf0251f.webp"
"micat","MICAT","active","Entrance","Management","MBA/PGDM","PG","1","official_source_reviewed","/exam-logos/official-v1/2bb6c23c0b78a31b939927bc.webp"
"mitid-dat","MITID DAT","active","Entrance","Design","B.Des | M.Des","UG | PG | 12th","1","official_source_reviewed","/exam-logos/official-v1/53db38aed564bd48f5d5afc2.webp"
"mp-addet","MP ADDET","active","Entrance","Science","Diploma/Polytechnic","UG | 12th","1","official_source_reviewed","/exam-logos/official-v1/c5f14969a77bf2db06608175.webp"
"mp-pat","MP PAT","active","Entrance","Agriculture","Agriculture","UG | 12th","1","official_source_reviewed","/exam-logos/official-v1/c5f14969a77bf2db06608175.webp"
"mp-pnst","MP PNST","active","Entrance","Nursing | Science","B.Sc. | Nursing","UG | 12th","1","official_source_reviewed","/exam-logos/official-v1/c5f14969a77bf2db06608175.webp"
"mp-set","MP SET","active","Entrance","Education","Multiple Courses","PG","1","official_source_reviewed","/exam-logos/official-v1/170bfba1cf929b63da1182ab.webp"
"mppsc-state-service","MPPSC State Service Examination","active","Sarkari","Government","Government Recruitment","UG | 12th | 10th","1","official_source_reviewed","/exam-logos/official-v1/170bfba1cf929b63da1182ab.webp"
"mpsc-civil-services","MPSC Civil Services","active","Sarkari","Government","Government Recruitment","UG | 12th | 10th","1","official_source_reviewed","/exam-logos/official-v1/bced53246c38baa9e5c17933.webp"
"mucmet","Mumbai University Common Management Entrance Test","active","Entrance","Management","MBA/PGDM","UG | 12th","1","official_source_reviewed","/exam-logos/official-v1/9d931a9aa11114f91f9d245a.webp"
"nabard-development-assistant","NABARD Development Assistant","active","Sarkari","Arts | Banking | Government","Government Recruitment","UG | 12th | 10th","1","official_source_reviewed","/exam-logos/official-v1/e970cd42d3715e4371e0c11b.webp"
"nabard-grade-a","NABARD Grade A","active","Sarkari","Banking | Government","Government Recruitment","UG | 12th | 10th","1","official_source_reviewed","/exam-logos/official-v1/4823ba6f22e02f71b8887848.webp"
"nata","NATA","active","Entrance","Architecture","B.E. / B.Tech | B.Arch","UG | 12th","1","official_source_reviewed","/exam-logos/official-v1/2f839b4a216ade2bcb03f0af.webp"
"nchmct-jee","National Council for Hotel Management and Catering Technology Joint Entrance Examination","active","Entrance","Engineering | Management | Hotel Management","B.E. / B.Tech | B.Sc.","UG | 12th","1","official_source_reviewed","/exam-logos/official-v1/79ccf53f16e85a28a9b90286.webp"
"uspc-nda-and-na","National Defence Academy and Naval Academy Examination","active","Sarkari","Medical | Aviation | Defence | Government","Government Recruitment","UG | 12th","1","official_source_reviewed","/exam-logos/official-v1/6694825c2f3792caa3545f02.webp"
"nhtet","National Hospitality Teachers Eligibility Test","active","Entrance","Hotel Management | Education","Diploma/Polytechnic","UG | PG","1","existing_catalog_mark","https://aws-origin.dekhocampus.com/storage/v1/object/public/legacy-public-assets/sanitized/bottom-12-v1/85/858a66501787fecab78945f7c1d4c2701fbd9828fd7b057b84788d5d4d0cf3b0.webp"
"nrti-aat","National Rail and Transportation Institute","active","Entrance","General","Multiple Courses","UG | PG | 12th","1","official_source_reviewed","/exam-logos/official-v1/b5fda207e712709cb1214e2d.webp"
"national-talent-search-examination","National Talent Search Examination","active","Entrance","Education","B.E. / B.Tech","10th","1","existing_catalog_mark","https://aws-origin.dekhocampus.com/storage/v1/object/public/legacy-public-assets/sanitized/bottom-12-v1/e1/e162495b5537c2bf3a2e5c06398dc1f4d86ef18840552010095ff6eadf88cf5a.webp"
"ncet","NCET","active","Entrance","Arts | Education","Multiple Courses","UG | 12th","1","official_source_reviewed","/exam-logos/official-v1/79ccf53f16e85a28a9b90286.webp"
"nchm-jee","NCHM JEE","active","Entrance","Engineering | Management | Hotel Management","B.E. / B.Tech | B.Sc.","UG | 12th","1","official_source_reviewed","/exam-logos/official-v1/79ccf53f16e85a28a9b90286.webp"
"neet-mds","NEET MDS","active","Entrance","Medical","Multiple Courses","PG","1","official_source_reviewed","/exam-logos/official-v1/32397b7a8d5ea2f2b9c04e3f.webp"
"neet-pg","NEET PG","active","Entrance","Medical","MD/MS","PG","1","official_source_reviewed","/exam-logos/official-v1/32397b7a8d5ea2f2b9c04e3f.webp"
"neet-ss","NEET SS","active","Entrance","Medical","MD/MS","PG","1","official_source_reviewed","/exam-logos/official-v1/32397b7a8d5ea2f2b9c04e3f.webp"
"national-eligibility-cum-entrance-test-neet","NEET UG","active","Entrance","Medical","MBBS","UG | 12th","1","official_source_reviewed","/exam-logos/official-v1/79ccf53f16e85a28a9b90286.webp"
"nest","NEST","active","Entrance","Science","M.Sc.","UG | PG | 12th","1","official_source_reviewed","/exam-logos/official-v1/faac8a49c5631386eaa66f27.webp"
"nid-dat","NID DAT","active","Entrance","Design","B.Des | M.Des","UG | PG | 12th","1","official_source_reviewed","/exam-logos/official-v1/5adbdbe59f2b2594ec02b158.webp"
"nift-entrance","NIFT Entrance","active","Entrance","Design","B.Des | M.Des","UG | PG | 12th","1","official_source_reviewed","/exam-logos/official-v1/20b435c02c9c013ff2507548.webp"
"nift-ee","NIFT Entrance Exam","active","Entrance","Design","B.Des | M.Des","UG | PG | 12th","1","official_source_reviewed","/exam-logos/official-v1/20b435c02c9c013ff2507548.webp"
"niftee","NIFTEE","active","Entrance","Design | Science","Multiple Courses","UG | 12th","1","official_source_reviewed","/exam-logos/official-v1/79ccf53f16e85a28a9b90286.webp"
"nimcet","NIMCET","active","Entrance","Science | IT and Software","MCA","UG | PG | 12th","1","official_source_reviewed","/exam-logos/official-v1/8b3f84e1a26ffb08d6650bb7.webp"
"niper-jee","NIPER JEE","active","Entrance","Engineering | Medical | Pharmacy | Management | Science | Education","B.E. / B.Tech | MBA/PGDM | Ph.D.","UG | PG | 12th","1","official_source_reviewed","/exam-logos/official-v1/93245567ff67f13f7687ea47.webp"
"nmat","NMAT by GMAC","active","Entrance","Management","B.E. / B.Tech | MBA/PGDM","PG","1","unresolved",""
"nmims-cet","NMIMS CET","active","Entrance","Engineering | Medical | Pharmacy","B.E. / B.Tech","UG | 12th","1","official_source_reviewed","/exam-logos/official-v1/0b433c3fea2d61c61ee1b09b.webp"
"nmims-nlat","NMIMS NLAT","active","Entrance","Law","LL.B.","UG | 12th","1","official_source_reviewed","/exam-logos/official-v1/0b433c3fea2d61c61ee1b09b.webp"
"nmims-npat","NMIMS NPAT","active","Entrance","Management","Multiple Courses","UG | 12th","1","official_source_reviewed","/exam-logos/official-v1/0b433c3fea2d61c61ee1b09b.webp"
"ntet","NTET","active","Entrance","Medical | Education","Multiple Courses","PG","1","official_source_reviewed","/exam-logos/official-v1/79ccf53f16e85a28a9b90286.webp"
"odisha-bed-entrance","Odisha B.Ed Entrance","active","Entrance","Education","B.Ed","UG | 12th","1","official_source_reviewed","/exam-logos/official-v1/c04749d4da081e4b2340a484.webp"
"odisha-bhed-entrance","Odisha B.H.Ed Entrance","active","Entrance","Arts | Education","Multiple Courses","UG | 12th","1","official_source_reviewed","/exam-logos/official-v1/c04749d4da081e4b2340a484.webp"
"odisha-cpet","Odisha CPET","active","Entrance","General","Multiple Courses","PG","1","official_source_reviewed","/exam-logos/official-v1/c04749d4da081e4b2340a484.webp"
"odisha-med-entrance","Odisha M.Ed Entrance","active","Entrance","Education","B.Ed | M.Ed","PG","1","official_source_reviewed","/exam-logos/official-v1/c04749d4da081e4b2340a484.webp"
"odisha-public-service-commission-civil-service","Odisha Public Service Commission Civil Service","active","Sarkari","Arts | Government","Government Recruitment","UG | 12th | 10th","1","official_source_reviewed","/exam-logos/official-v1/dae0296d0adda2d5f613b045.webp"
"ojee","OJEE","active","Entrance","General","Multiple Courses","UG | PG | 12th","1","official_source_reviewed","/exam-logos/official-v1/03558cf7fddd4aa7235282d1.webp"
"opsc-ocs","OPSC OCS","active","Sarkari","Government","Government Recruitment","UG | 12th | 10th","1","official_source_reviewed","/exam-logos/official-v1/dae0296d0adda2d5f613b045.webp"
"ouat-entrance","OUAT Entrance Examination","active","Entrance","Agriculture","Agriculture","UG | 12th","1","official_source_reviewed","/exam-logos/official-v1/cf950c4c4ebc1dea33428cb5.webp"
"pafee","PAF Entrance Exam","active","Entrance","Design","Multiple Courses","UG | 12th","1","official_source_reviewed","/exam-logos/official-v1/9f550914bc23dbd49a29edd5.webp"
"puthat","Panjab University Tourism & Hospitality Aptitude Test","active","Entrance","Management | Hotel Management","Multiple Courses","UG | 12th","1","official_source_reviewed","/exam-logos/official-v1/6dd53d89acb4e870013a8fc8.webp"
"patna-university-cet","Patna University Common Entrance Test","active","Entrance","General","Multiple Courses","UG | 12th","1","official_source_reviewed","/exam-logos/official-v1/f11575d4205a8ef066d290ff.webp"
"pau-aat","PAU AAT","active","Entrance","Agriculture","Agriculture","UG | 12th","1","official_source_reviewed","/exam-logos/official-v1/cc895bb575eda24b44027525.webp"
"pau-cet","PAU CET","active","Entrance","Science | Agriculture","Agriculture","UG | PG | 12th","1","official_source_reviewed","/exam-logos/official-v1/cc895bb575eda24b44027525.webp"
"pearl-academy-entrance","Pearl Academy Entrance Exam","active","Entrance","Design","M.Des","UG | PG | 12th","1","official_source_reviewed","/exam-logos/official-v1/70ba0798c5b803256d261efa.webp"
"pearson-test-of-english","Pearson Test of English","active","Study Abroad","IT and Software","Multiple Courses","UG | 12th","1","existing_catalog_mark","https://aws-origin.dekhocampus.com/storage/v1/object/public/legacy-public-assets/sanitized/bottom-12-v1/ce/cee6191e8e8ab150132c531e25eece9534619179e973f69ac577495024ba6a66.webp"
"pessat","Peoples Education Society Scholastic Aptitude Test","active","Entrance","Engineering | Management | Education","B.E. / B.Tech","UG | 12th","1","official_source_reviewed","/exam-logos/official-v1/fe73d84ac78e1003deb4d679.webp"
"pim-mat","PIM-MAT","active","Entrance","Management","MBA/PGDM","PG","1","official_source_reviewed","/exam-logos/official-v1/3d5a648faae1a5b799453241.webp"
"pmnet","PMNET","active","Entrance","Nursing | Science","B.Sc. | M.Sc. | Nursing","UG | PG | 12th","1","official_source_reviewed","/exam-logos/official-v1/70c9ee47d7d51882a38b3bcf.webp"
"jharkhand-pcece","Polytechnic Entrance Competitive Examination","active","Entrance","Engineering","Diploma/Polytechnic","10th","1","official_source_reviewed","/exam-logos/official-v1/342cf40b5b4ddfabc74b2d1c.webp"
"ppbnet","PPBNET","active","Entrance","Nursing","B.Sc. | Nursing","UG | 12th","1","official_source_reviewed","/exam-logos/official-v1/70c9ee47d7d51882a38b3bcf.webp"
"ppmet","PPMET","active","Entrance","Medical | Nursing | Science","B.Sc. | Nursing","UG | 12th","1","official_source_reviewed","/exam-logos/official-v1/09c7a106b66b500519c36ebb.webp"
"presidency-university-master-degree-entrance-test","Presidency University Master Degree Entrance Test","active","Entrance","General","M.Sc.","PG","1","official_source_reviewed","/exam-logos/official-v1/79bea5608067e790c3a8d0f3.webp"
"pu-cet-pg","PU CET (PG)","active","Entrance","General","Multiple Courses","PG","1","official_source_reviewed","/exam-logos/official-v1/6dd53d89acb4e870013a8fc8.webp"
"pu-cet-ug","PU CET (UG)","active","Entrance","Medical | Pharmacy | Science","B.Pharm | B.Sc.","UG | 12th","1","official_source_reviewed","/exam-logos/official-v1/6dd53d89acb4e870013a8fc8.webp"
"pu-pglaw","PU LL.B. Entrance","active","Entrance","Law","LL.B.","UG | 12th","1","official_source_reviewed","/exam-logos/official-v1/6dd53d89acb4e870013a8fc8.webp"
"pu-met","PU MET","active","Entrance","Management","MBA/PGDM","UG | PG | 12th","1","official_source_reviewed","/exam-logos/official-v1/6dd53d89acb4e870013a8fc8.webp"
"pu-uglaw","PU UGLAW","active","Entrance","Law","LL.B.","UG | 12th","1","official_source_reviewed","/exam-logos/official-v1/6dd53d89acb4e870013a8fc8.webp"
"pubdet","PUBDET","active","Entrance","General","Multiple Courses","UG | 12th","1","official_source_reviewed","/exam-logos/official-v1/79bea5608067e790c3a8d0f3.webp"
"puleet","PULEET","active","Entrance","Engineering","B.E. / B.Tech | Diploma/Polytechnic","UG | 12th","1","official_source_reviewed","/exam-logos/official-v1/6dd53d89acb4e870013a8fc8.webp"
"pumdet","PUMDET","active","Entrance","General","Multiple Courses","UG | PG | 12th","1","official_source_reviewed","/exam-logos/official-v1/79bea5608067e790c3a8d0f3.webp"
"punjab-bed-cet","Punjab B.Ed CET","active","Entrance","Education","B.Ed","UG | 12th","1","official_source_reviewed","/exam-logos/official-v1/eb4227a7c957855d88c98e34.webp"
"rajasthan-jet","Rajasthan JET","active","Entrance","Science | Agriculture","Ph.D. | Agriculture","UG | PG | 12th","1","official_source_reviewed","/exam-logos/official-v1/10b96bfafe1bf64fe5afc660.webp"
"rajasthan-pre-deled","Rajasthan Pre D.El.Ed","active","Entrance","Arts | Education","D.El.Ed | Diploma/Polytechnic","12th","1","unresolved",""
"rajasthan-ptet","Rajasthan PTET","active","Entrance","Education","B.Ed","UG | PG","1","official_source_reviewed","/exam-logos/official-v1/9b80b7f7eab4eaf104dd6cbc.webp"
"rajasthan-set","Rajasthan SET","active","Entrance","Education","Multiple Courses","PG","1","unresolved",""
"rulet-exam","Rajasthan University Law Entrance Test","active","Entrance","Law","LL.B.","UG | 12th","1","existing_catalog_mark","https://aws-origin.dekhocampus.com/storage/v1/object/public/legacy-public-assets/sanitized/bottom-12-v1/4a/4a5c350ef7de6b403e3e9797682b18676896caa584a235f1e23ecfd06ca33aa3.webp"
"rupgcet","Rayalaseema University Postgraduate Common Entrance Test","active","Entrance","General","Multiple Courses","PG","1","official_source_reviewed","/exam-logos/official-v1/233119f801f4f550d3f92493.webp"
"rbi-assistant","RBI Assistant","active","Sarkari","Arts | Banking | Government","Government Recruitment","UG | 12th | 10th","1","official_source_reviewed","/exam-logos/official-v1/2b27db18dbb31a0dc0a92c34.webp"
"rbi-grade-b-depr","RBI Grade B DEPR","active","Sarkari","Science | Banking | Government","Government Recruitment","PG","1","official_source_reviewed","/exam-logos/official-v1/2b27db18dbb31a0dc0a92c34.webp"
"rbi-grade-b-dsim","RBI Grade B DSIM","active","Sarkari","Management | Science | Banking | Government","Government Recruitment","PG","1","official_source_reviewed","/exam-logos/official-v1/2b27db18dbb31a0dc0a92c34.webp"
"rbi-grade-b-general","RBI Grade B General","active","Sarkari","Banking | Government","Government Recruitment","UG | 12th | 10th","1","official_source_reviewed","/exam-logos/official-v1/2b27db18dbb31a0dc0a92c34.webp"
"reva-cet","REVA CET","active","Entrance","General","Multiple Courses","UG | 12th","1","official_source_reviewed","/exam-logos/official-v1/c96f1f8539aa62bb3518a97e.webp"
"rpf-constable","RPF Constable","active","Sarkari","Medical | Education | Railways | Government","Government Recruitment","10th","1","official_source_reviewed","/exam-logos/official-v1/63174eb18aaca4d4b136730e.webp"
"rpf-si","RPF Sub-Inspector","active","Sarkari","Medical | Railways | Government","Government Recruitment","UG | 12th | 10th","1","official_source_reviewed","/exam-logos/official-v1/63174eb18aaca4d4b136730e.webp"
"rpsc-ras","RPSC RAS","active","Sarkari","Government","Government Recruitment","UG | 12th | 10th","1","official_source_reviewed","/exam-logos/official-v1/58bb50101238a8c928bb1275.webp"
"rrb-alp","RRB ALP","active","Sarkari","Medical | Aviation | Railways | Government","Diploma/Polytechnic | Government Recruitment","UG | 12th | 10th","1","official_source_reviewed","/exam-logos/official-v1/63174eb18aaca4d4b136730e.webp"
"rrb-group-d-level-1","RRB Group D Level 1","active","Sarkari","Medical | Railways | Government","Government Recruitment","UG | 12th | 10th","1","official_source_reviewed","/exam-logos/official-v1/63174eb18aaca4d4b136730e.webp"
"rrb-je","RRB JE","active","Sarkari","Engineering | Railways | Government","B.E. / B.Tech | Diploma/Polytechnic | Government Recruitment","UG | 12th | 10th","1","official_source_reviewed","/exam-logos/official-v1/63174eb18aaca4d4b136730e.webp"
"rrb-ntpc-graduate","RRB NTPC Graduate","active","Sarkari","Railways | Government","Government Recruitment","UG | 12th | 10th","1","official_source_reviewed","/exam-logos/official-v1/63174eb18aaca4d4b136730e.webp"
"rrb-ntpc-undergraduate","RRB NTPC Undergraduate","active","Sarkari","Railways | Government","Government Recruitment","UG | 12th","1","official_source_reviewed","/exam-logos/official-v1/63174eb18aaca4d4b136730e.webp"
"rrb-paramedical","RRB Paramedical","active","Sarkari","Medical | Pharmacy | Nursing | Railways | Government","Nursing | Government Recruitment","UG | 12th | 10th","1","official_source_reviewed","/exam-logos/official-v1/63174eb18aaca4d4b136730e.webp"
"rrb-technician","RRB Technician","active","Sarkari","Railways | Government","Diploma/Polytechnic | Government Recruitment","UG | 12th | 10th","1","official_source_reviewed","/exam-logos/official-v1/63174eb18aaca4d4b136730e.webp"
"ruhs-cuet","RUHS CUET","active","Entrance","Medical | Nursing | Science","Nursing","UG | 12th","1","official_source_reviewed","/exam-logos/official-v1/7b6604e959f69d69cdb25108.webp"
"rulet","RULET","active","Entrance","Law","LL.B.","UG | 12th","1","official_source_reviewed","/exam-logos/official-v1/f1bff05a145ae3eb3eddd7bc.webp"
"saeee","SAEEE","active","Entrance","Engineering | Architecture","B.E. / B.Tech | B.Arch","UG | 12th | 10th","1","official_source_reviewed","/exam-logos/official-v1/6c7b47ab62266c3cdbd38201.webp"
"sbi-clerk","SBI Clerk","active","Sarkari","Arts | Banking | Government","Government Recruitment","UG | 12th | 10th","1","official_source_reviewed","/exam-logos/official-v1/3e0f11b88924f99e71aecd48.webp"
"sbi-junior-associate","SBI Junior Associate","active","Sarkari","Arts | Banking | Government","Government Recruitment","UG | 12th | 10th","1","official_source_reviewed","/exam-logos/official-v1/3e0f11b88924f99e71aecd48.webp"
"sbi-po","SBI PO","active","Sarkari","Banking | Government","Government Recruitment","UG | 12th | 10th","1","official_source_reviewed","/exam-logos/official-v1/3e0f11b88924f99e71aecd48.webp"
"sebi-grade-a","SEBI Grade A","active","Sarkari","Engineering | Law | Science | Arts | Government","B.E. / B.Tech | Government Recruitment","UG | 12th | 10th","1","official_source_reviewed","/exam-logos/official-v1/63415fc9c0862e6d1ca3300e.webp"
"seed","SEED","active","Entrance","Design","B.Des","UG | 12th","1","official_source_reviewed","/exam-logos/official-v1/0a0157b78b43b1638a4376f4.webp"
"set","SET","active","Entrance","Management","Multiple Courses","UG | 12th","1","official_source_reviewed","/exam-logos/official-v1/af5e6547f049324cb14a1ff5.webp"
"smit-online-test","Sikkim Manipal Institute of Technology Online Test","active","Entrance","Engineering","B.E. / B.Tech","UG | 12th","1","existing_catalog_mark","https://aws-origin.dekhocampus.com/storage/v1/object/public/legacy-public-assets/sanitized/bottom-12-v1/85/85261db95bef0fb271e4213a63c80681b50f3ecdaba4f9d0bde670ba2ae4dee1.webp"
"saat","Siksha 'O' Anusandhan Admission Test","active","Entrance","Medical","MBBS | Diploma/Polytechnic","UG | 12th","1","existing_catalog_mark","https://aws-origin.dekhocampus.com/storage/v1/object/public/legacy-public-assets/sanitized/bottom-12-v1/91/91e152c390f03ea135bf3e122b2457d294cc250acb04c081b846507da674d17e.webp"
"siteee","SITEEE","active","Entrance","Engineering","B.E. / B.Tech","UG | 12th","1","official_source_reviewed","/exam-logos/official-v1/af5e6547f049324cb14a1ff5.webp"
"skuast-j-cet","SKUAST Jammu CET","active","Entrance","Agriculture","Agriculture","UG | 12th","1","official_source_reviewed","/exam-logos/official-v1/94634f871320129fb20f834e.webp"
"skuast-k-uet","SKUAST Kashmir UET","active","Entrance","Agriculture","Agriculture","UG | PG | 12th","1","official_source_reviewed","/exam-logos/official-v1/7a9474b0244dd24066d2d1ad.webp"
"slat","SLAT","active","Entrance","Law","LL.B.","UG | 12th","1","official_source_reviewed","/exam-logos/official-v1/6f75a363e945f67a083df7d6.webp"
"snap","SNAP","active","Entrance","Management","MBA/PGDM","PG","1","official_source_reviewed","/exam-logos/official-v1/e93c6e8a771dd700e17c1176.webp"
"sri-venkateswara-university-common-entrance-test","Sri Venkateswara University Common Entrance Test","active","Entrance","General","M.Sc.","PG","1","existing_catalog_mark","https://aws-origin.dekhocampus.com/storage/v1/object/public/legacy-public-assets/sanitized/bottom-12-v1/cc/cc73b8b5b55362bfe24c69a04e1ef1f67aa90d40344b1a35365e82413131487a.webp"
"spmhcat","SRM University Haryana Common Aptitude Test","active","Entrance","Management","MBA/PGDM","PG","1","official_source_reviewed","/exam-logos/official-v1/cc6a9d8f6506cb3a9f81b284.webp"
"srmjeee","SRMJEEE UG","active","Entrance","Engineering | Science","B.E. / B.Tech","UG | 12th","1","official_source_reviewed","/exam-logos/official-v1/225848626a4b45fb2fbdda49.webp"
"srmjeem","SRMJEEM","active","Entrance","Management | Science","MBA/PGDM","PG","1","official_source_reviewed","/exam-logos/official-v1/225848626a4b45fb2fbdda49.webp"
"ssc-cgl","SSC CGL","active","Sarkari","IT and Software | Government","Government Recruitment","UG","1","official_source_reviewed","/exam-logos/official-v1/1a955776af0eb7bd07d56b47.webp"
"ssc-chsl","SSC CHSL","active","Sarkari","Government","Government Recruitment","UG | 12th","1","official_source_reviewed","/exam-logos/official-v1/1a955776af0eb7bd07d56b47.webp"
"ssc-jht","SSC Combined Hindi Translators","active","Sarkari","Arts | Government","Government Recruitment","PG","1","official_source_reviewed","/exam-logos/official-v1/1a955776af0eb7bd07d56b47.webp"
"ssc-cpo","SSC CPO","active","Sarkari","Medical | Government","Government Recruitment","UG | 12th | 10th","1","official_source_reviewed","/exam-logos/official-v1/1a955776af0eb7bd07d56b47.webp"
"ssc-gd-constable","SSC GD Constable","active","Sarkari","Medical | Defence | Government","Government Recruitment","UG | 12th | 10th","1","official_source_reviewed","/exam-logos/official-v1/1a955776af0eb7bd07d56b47.webp"
"ssc-je","SSC JE","active","Sarkari","Engineering | Government","B.E. / B.Tech | Diploma/Polytechnic | Government Recruitment","UG | 12th | 10th","1","official_source_reviewed","/exam-logos/official-v1/1a955776af0eb7bd07d56b47.webp"
"ssc-mts","SSC MTS & Havaldar","active","Sarkari","Government","Government Recruitment","10th","1","official_source_reviewed","/exam-logos/official-v1/1a955776af0eb7bd07d56b47.webp"
"ssc-selection-post-phase-14","SSC Selection Post Phase XIV","active","Sarkari","Government","Government Recruitment","UG | 12th | 10th","1","official_source_reviewed","/exam-logos/official-v1/1a955776af0eb7bd07d56b47.webp"
"ssc-stenographer","SSC Stenographer","active","Sarkari","Government","Government Recruitment","UG | 12th","1","official_source_reviewed","/exam-logos/official-v1/1a955776af0eb7bd07d56b47.webp"
"suat","SUAT","active","Entrance","Engineering | Law | Management | Design | Science","B.E. / B.Tech | LL.B.","UG | PG","1","official_source_reviewed","/exam-logos/official-v1/f48107dd295e5732ed687d1e.webp"
"tancet","TANCET","active","Entrance","Management | IT and Software","MBA/PGDM | MCA","PG","1","official_source_reviewed","/exam-logos/official-v1/ba534cd54a4aeb457bcee736.webp"
"telangana-state-agriculture-common-entrance-test","Telangana State Agriculture Common Entrance Test","active","Entrance","Agriculture","Diploma/Polytechnic | Agriculture","UG | PG","1","official_source_reviewed","/exam-logos/official-v1/21dc29c965e8bd7f4a9acc75.webp"
"ts-cpget","Telangana State Common Post Graduate Entrance Tests","active","Entrance","General","Multiple Courses","PG","1","existing_catalog_mark","https://aws-origin.dekhocampus.com/storage/v1/object/public/legacy-public-assets/sanitized/bottom-12-v1/01/01eed61e879f47f4df9400fdb720e5b4205fb06f156254e4fdb697177ee7ceeb.webp"
"ts-eamcet","Telangana State Engineering Agriculture and Medical Common Entrance Test","active","Entrance","Engineering | Medical | Pharmacy | Agriculture","B.E. / B.Tech | Agriculture","UG | 12th","1","official_source_reviewed","/exam-logos/official-v1/4fbcff9e5e9ecdad30f77638.webp"
"telangana-state-engineering-common-entrance-test","Telangana State Engineering Common Entrance Test","active","Entrance","Engineering | Medical | Pharmacy | Agriculture","B.E. / B.Tech | Agriculture","UG | 12th","1","existing_catalog_mark","https://aws-origin.dekhocampus.com/storage/v1/object/public/legacy-public-assets/sanitized/bottom-12-v1/7b/7bb78d45a88497815d2e114e88a75d9b92d05798c0fc2b34d5d76ca00447a701.webp"
"ts-icet","Telangana State Integrated Common Entrance Test","active","Entrance","Management | IT and Software","MBA/PGDM | MCA","PG","1","existing_catalog_mark","https://aws-origin.dekhocampus.com/storage/v1/object/public/legacy-public-assets/sanitized/bottom-12-v1/09/09776418e4dbaf060d581d265fec0ebe3a440b5f84315ed35319a2c756e9711d.webp"
"ts-law-cet","Telangana State Law Common Entrance Test","active","Entrance","Law","LL.B.","UG | PG","1","existing_catalog_mark","https://aws-origin.dekhocampus.com/storage/v1/object/public/legacy-public-assets/sanitized/bottom-12-v1/7e/7e7ce25f4cb4abb5edc28bd9efba0a78db313a9a97ebba7b3f05e31e5f263e5d.webp"
"telangana-state-polytechnic-common-entrance-test","Telangana State Polytechnic Common Entrance Test","active","Entrance","Engineering | Education","B.E. / B.Tech | Diploma/Polytechnic","10th","1","existing_catalog_mark","https://aws-origin.dekhocampus.com/storage/v1/object/public/legacy-public-assets/sanitized/bottom-12-v1/b3/b36191799891596d914dba9f1b45d56176bc9f9464b3bfdd66d0fa4ca3099397.webp"
"tg-cpget","TG CPGET","active","Entrance","General","Diploma/Polytechnic","PG","1","official_source_reviewed","/exam-logos/official-v1/4fbcff9e5e9ecdad30f77638.webp"
"tg-deecet","TG DEECET","active","Entrance","Education","D.El.Ed | Diploma/Polytechnic","UG | 12th","1","official_source_reviewed","/exam-logos/official-v1/054320df2a99b50e9ed162ca.webp"
"tg-eapcet","TG EAPCET","active","Entrance","Engineering | Medical | Pharmacy | Agriculture","B.E. / B.Tech | Agriculture","UG | 12th","1","official_source_reviewed","/exam-logos/official-v1/4fbcff9e5e9ecdad30f77638.webp"
"tg-ecet","TG ECET","active","Entrance","Engineering | Medical | Pharmacy | Science","B.E. / B.Tech | B.Sc. | Diploma/Polytechnic","UG | 12th","1","official_source_reviewed","/exam-logos/official-v1/4fbcff9e5e9ecdad30f77638.webp"
"tg-edcet","TG EDCET","active","Entrance","Education","B.Ed","UG | PG","1","official_source_reviewed","/exam-logos/official-v1/4fbcff9e5e9ecdad30f77638.webp"
"tg-icet","TG ICET","active","Entrance","Management | IT and Software","MBA/PGDM | MCA","UG | PG | 12th","1","official_source_reviewed","/exam-logos/official-v1/4fbcff9e5e9ecdad30f77638.webp"
"tg-lawcet","TG LAWCET","active","Entrance","Law","LL.B.","UG | 12th","1","official_source_reviewed","/exam-logos/official-v1/4e4f2de119204fa192d49272.webp"
"tg-pecet","TG PECET","active","Entrance","Education","Multiple Courses","UG | 12th","1","official_source_reviewed","/exam-logos/official-v1/4fbcff9e5e9ecdad30f77638.webp"
"tg-pgecet","TG PGECET","active","Entrance","Engineering | Medical | Pharmacy","B.E. / B.Tech | M.E./M.Tech","PG","1","official_source_reviewed","/exam-logos/official-v1/4fbcff9e5e9ecdad30f77638.webp"
"tg-pglcet","TG PGLCET","active","Entrance","Law","Law PG","UG | PG | 12th","1","official_source_reviewed","/exam-logos/official-v1/4fbcff9e5e9ecdad30f77638.webp"
"tg-polycet","TG POLYCET","active","Entrance","Engineering | Agriculture","B.E. / B.Tech | Diploma/Polytechnic | Agriculture","UG | PG","1","official_source_reviewed","/exam-logos/official-v1/68fb0f51dd5d28f9834c54da.webp"
"tifr-gs","TIFR GS","active","Entrance","Science","Ph.D.","PG","1","official_source_reviewed","/exam-logos/official-v1/5c83533028db5b5d68b193c0.webp"
"tjee","TJEE","active","Entrance","Engineering | Agriculture","B.E. / B.Tech | Agriculture","UG | 12th","1","official_source_reviewed","/exam-logos/official-v1/9cedb888b884e2ced233d872.webp"
"tn-set","TN SET","active","Entrance","General","Multiple Courses","PG","1","official_source_reviewed","/exam-logos/official-v1/cad8c1094786a788fa607b52.webp"
"tripura-jee","Tripura Board of Joint Entrance Examination","active","Entrance","Engineering | Agriculture","B.E. / B.Tech | Agriculture","UG | 12th","1","official_source_reviewed","/exam-logos/official-v1/9cedb888b884e2ced233d872.webp"
"ts-set","TS SET","active","Entrance","Education","Multiple Courses","PG","1","official_source_reviewed","/exam-logos/official-v1/4b383808c61aca94cfc7006b.webp"
"tspsc-group-1","TSPSC Group I","active","Sarkari","Government","Government Recruitment","UG | 12th | 10th","1","official_source_reviewed","/exam-logos/official-v1/b3f8eab2cc7b68914852de45.webp"
"uceed","UCEED","active","Entrance","Design","B.Des","UG | 12th","1","official_source_reviewed","/exam-logos/official-v1/9f454a73d02b9777482daf5a.webp"
"ugc-net","UGC NET","active","Entrance","Science","Ph.D.","PG","1","official_source_reviewed","/exam-logos/official-v1/79ccf53f16e85a28a9b90286.webp"
"ugc-net-june-2026","UGC NET June 2026","active","Entrance","Science","Ph.D.","PG","1","official_source_reviewed","/exam-logos/official-v1/79ccf53f16e85a28a9b90286.webp"
"uid-dat","UID DAT","active","Entrance","Design","M.Des","UG | PG | 12th","1","official_source_reviewed","/exam-logos/official-v1/ef246edab80f05a163c16bc2.webp"
"ukpsc-pcs","UKPSC PCS","active","Sarkari","Government","Government Recruitment","UG | 12th | 10th","1","official_source_reviewed","/exam-logos/official-v1/12e96f3eb8359c3ea9a3412e.webp"
"ulsat","ULSAT","active","Entrance","Law","LL.B.","10th","1","official_source_reviewed","/exam-logos/official-v1/9cb70a1af271ab738a8f7bd8.webp"
"uni-gauge","Uni-GAUGE","active","Entrance","Engineering | Science","B.E. / B.Tech","UG | 12th","1","official_source_reviewed","/exam-logos/official-v1/8748e71cfbb567c32db2ea9f.webp"
"university-of-petroleum-and-energy-studies-engineering-aptitude-test","University of Petroleum & Energy Studies Engineering Aptitude Test","active","Entrance","Engineering","B.E. / B.Tech","UG | 12th | 10th","1","official_source_reviewed","/exam-logos/official-v1/9cb70a1af271ab738a8f7bd8.webp"
"up-bed-jee","UP B.Ed JEE","active","Entrance","Engineering | Education","B.E. / B.Tech | B.Ed","UG | PG | 12th","1","official_source_reviewed","/exam-logos/official-v1/6e32c7669772c58925b9fbc4.webp"
"upcatet","UPCATET","active","Entrance","Agriculture","Ph.D. | Agriculture","UG | PG | 12th","1","official_source_reviewed","/exam-logos/official-v1/0e5ef90a054449519d456bb0.webp"
"upes-dat","UPES Design Aptitude Test","active","Entrance","Design","B.Des | M.Des","UG | PG | 12th | 10th","1","official_source_reviewed","/exam-logos/official-v1/9cb70a1af271ab738a8f7bd8.webp"
"upes-met","UPES Management Entrance Test","active","Entrance","Management","MBA/PGDM","UG | PG | 12th | 10th","1","official_source_reviewed","/exam-logos/official-v1/9cb70a1af271ab738a8f7bd8.webp"
"upeseat","UPESEAT","active","Entrance","Engineering","B.E. / B.Tech","UG | 12th | 10th","1","official_source_reviewed","/exam-logos/official-v1/9cb70a1af271ab738a8f7bd8.webp"
"upesmet","UPESMET","active","Entrance","Management","MBA/PGDM","UG | PG | 12th | 10th","1","official_source_reviewed","/exam-logos/official-v1/9cb70a1af271ab738a8f7bd8.webp"
"uppsc-pcs","UPPSC PCS","active","Sarkari","Government","B.E. / B.Tech | Government Recruitment","UG | 12th | 10th","1","official_source_reviewed","/exam-logos/official-v1/920e35abe9d840e72bb78554.webp"
"upsc-capf-ac","UPSC CAPF (AC)","active","Sarkari","Medical | Defence | Government","Government Recruitment","UG","1","official_source_reviewed","/exam-logos/official-v1/6694825c2f3792caa3545f02.webp"
"upsc-cds","UPSC CDS","active","Sarkari","Defence | Government","Government Recruitment","UG | 12th | 10th","1","official_source_reviewed","/exam-logos/official-v1/6694825c2f3792caa3545f02.webp"
"upsc-civil-services","UPSC Civil Services Examination","active","Sarkari","Government","Government Recruitment","UG | 12th | 10th","1","official_source_reviewed","/exam-logos/official-v1/6694825c2f3792caa3545f02.webp"
"upsc-cms","UPSC CMS","active","Sarkari","Medical | Government","MBBS | Government Recruitment","UG","1","official_source_reviewed","/exam-logos/official-v1/6694825c2f3792caa3545f02.webp"
"upsc-combined-geo-scientist","UPSC Combined Geo-Scientist","active","Sarkari","Government","Government Recruitment","PG","1","official_source_reviewed","/exam-logos/official-v1/6694825c2f3792caa3545f02.webp"
"upsc-ese","UPSC Engineering Services Exam","active","Sarkari","Engineering | Medical | Government","B.E. / B.Tech | Government Recruitment","UG | 12th | 10th","1","official_source_reviewed","/exam-logos/official-v1/6694825c2f3792caa3545f02.webp"
"upsc-engineering-services","UPSC Engineering Services Examination","active","Sarkari","Engineering | Government","B.E. / B.Tech | Government Recruitment","UG | 12th | 10th","1","official_source_reviewed","/exam-logos/official-v1/6694825c2f3792caa3545f02.webp"
"upsc-epfo","UPSC EPFO","active","Sarkari","Government","Government Recruitment","UG | 12th | 10th","1","official_source_reviewed","/exam-logos/official-v1/6694825c2f3792caa3545f02.webp"
"upsc-ies-iss","UPSC IES/ISS","active","Sarkari","Government","Government Recruitment","PG","1","official_source_reviewed","/exam-logos/official-v1/6694825c2f3792caa3545f02.webp"
"upsc-ifs","UPSC Indian Forest Service","active","Sarkari","Medical | Government","Government Recruitment","UG | 12th | 10th","1","official_source_reviewed","/exam-logos/official-v1/6694825c2f3792caa3545f02.webp"
"upsc-indian-forest-service","UPSC Indian Forest Service Examination","active","Sarkari","Engineering | Science | Agriculture | Government","B.E. / B.Tech | Agriculture | Government Recruitment","UG | 12th | 10th","1","official_source_reviewed","/exam-logos/official-v1/6694825c2f3792caa3545f02.webp"
"upsc-nda-na","UPSC NDA & NA Examination","active","Sarkari","Aviation | Defence | Government","Government Recruitment","UG | 12th","1","official_source_reviewed","/exam-logos/official-v1/6694825c2f3792caa3545f02.webp"
"uratpg","URATPG","active","Entrance","General","Multiple Courses","PG","1","official_source_reviewed","/exam-logos/official-v1/f1bff05a145ae3eb3eddd7bc.webp"
"uttar-pradesh-combined-agriculture-and-technology-entrance-test","Uttar Pradesh Combined Agriculture and Technology Entrance Test","active","Entrance","Science | Agriculture","Ph.D. | Agriculture","UG | PG | 12th","1","official_source_reviewed","/exam-logos/official-v1/0e5ef90a054449519d456bb0.webp"
"uttarakhand-jeep","Uttarakhand Joint Entrance Examination Polytechnics","active","Entrance","Engineering","B.E. / B.Tech | Diploma/Polytechnic","10th","1","official_source_reviewed","/exam-logos/official-v1/9457655a1870eeefbfadae23.webp"
"vtueee","Vel Tech Undergraduate Engineering Entrance Examination","active","Entrance","Engineering","B.E. / B.Tech","UG | 12th","1","official_source_reviewed","/exam-logos/official-v1/b1d86fa8cb81583802a55829.webp"
"vitmee","Vellore Institute of Technology Masters Entrance Examination","active","Entrance","Engineering","B.E. / B.Tech | M.E./M.Tech","PG","1","official_source_reviewed","/exam-logos/official-v1/016b47ced32722042938bc0f.webp"
"vitbee","VIT Business School Entrance Exam","active","Entrance","Management","MBA/PGDM","UG | PG | 12th | 10th","1","official_source_reviewed","/exam-logos/official-v1/016b47ced32722042938bc0f.webp"
"viteee","VITEEE","active","Entrance","Engineering","B.E. / B.Tech","UG | 12th","1","official_source_reviewed","/exam-logos/official-v1/016b47ced32722042938bc0f.webp"
"vitmee-mdes","VITMEE M.Des","active","Entrance","Design","M.Des","PG","1","official_source_reviewed","/exam-logos/official-v1/016b47ced32722042938bc0f.webp"
"vitmee-msc","VITMEE M.Sc.","active","Entrance","Science","M.Sc.","PG","1","official_source_reviewed","/exam-logos/official-v1/016b47ced32722042938bc0f.webp"
"vitmee-mtech","VITMEE M.Tech","active","Entrance","Engineering","B.E. / B.Tech | M.E./M.Tech","PG","1","official_source_reviewed","/exam-logos/official-v1/016b47ced32722042938bc0f.webp"
"vitmee-mca","VITMEE MCA","active","Entrance","Science | IT and Software","MCA","UG | PG | 12th","1","official_source_reviewed","/exam-logos/official-v1/016b47ced32722042938bc0f.webp"
"vitree","VITREE","active","Entrance","Science","Ph.D.","UG | PG | 12th","1","official_source_reviewed","/exam-logos/official-v1/016b47ced32722042938bc0f.webp"
"vmou-met","VMOU Management Entrance Test","active","Entrance","Management","Multiple Courses","PG","1","official_source_reviewed","/exam-logos/official-v1/9b80b7f7eab4eaf104dd6cbc.webp"
"vocational-lateral-entry-test","Vocational Lateral Entry Test","active","Entrance","Engineering","Diploma/Polytechnic","UG | PG","1","official_source_reviewed","/exam-logos/official-v1/a8d4a144026c67e886db2a7c.webp"
"vsat","VSAT","active","Entrance","General","Multiple Courses","UG | 12th","1","official_source_reviewed","/exam-logos/official-v1/5fd82254600a0893c52834b8.webp"
"wb-anm-gnm","WB ANM & GNM","active","Entrance","Medical | Nursing | Science","Nursing","UG | 12th","1","official_source_reviewed","/exam-logos/official-v1/79bea5608067e790c3a8d0f3.webp"
"wb-set","WB SET","active","Entrance","Education","Multiple Courses","PG","1","official_source_reviewed","/exam-logos/official-v1/96a8cd419d5f1f7392a773ea.webp"
"wbcs","WBCS","active","Sarkari","Government","B.E. / B.Tech | Government Recruitment","UG | 12th | 10th","1","unresolved",""
"wbjee","WBJEE","active","Entrance","Engineering | Medical | Pharmacy","B.E. / B.Tech","UG | 12th","1","official_source_reviewed","/exam-logos/official-v1/79bea5608067e790c3a8d0f3.webp"
"wb-anm-and-gnm","West Bengal (Auxiliary Nursing and Midwifery) & (General Nursing and Midwifery)","active","Entrance","Nursing | Arts | Education","Nursing","UG | PG","1","official_source_reviewed","/exam-logos/official-v1/79bea5608067e790c3a8d0f3.webp"
"west-bengal-joint-entrance-exam-for-computer-application","West Bengal Joint Entrance Exam for Computer Application","active","Entrance","Management | Science | IT and Software","MCA","UG | PG | 12th","1","official_source_reviewed","/exam-logos/official-v1/79bea5608067e790c3a8d0f3.webp"
"west-bengal-joint-entrance-exam-for-post-basic-nursing","West Bengal Joint Entrance Exam for Post Basic Nursing","active","Entrance","Medical | Nursing","B.Sc. | Nursing","UG | 12th","1","official_source_reviewed","/exam-logos/official-v1/79bea5608067e790c3a8d0f3.webp"
"wb-jehom","West Bengal Joint Entrance for Hospitality Management","active","Entrance","Management | Hotel Management","Multiple Courses","UG | 12th","1","official_source_reviewed","/exam-logos/official-v1/79bea5608067e790c3a8d0f3.webp"
"west-bengal-joint-entrance-for-mater-of-science-nursing","West Bengal Joint Entrance for Mater of Science Nursing","active","Entrance","Medical | Nursing | Science","B.Sc. | M.Sc. | Nursing","UG | PG | 12th","1","official_source_reviewed","/exam-logos/official-v1/79bea5608067e790c3a8d0f3.webp"
"wb-jelet","West Bengal Joint Entrance Lateral Engineering Test","active","Entrance","Engineering | Medical | Pharmacy","B.E. / B.Tech | B.Sc. | Diploma/Polytechnic","UG | 12th","1","official_source_reviewed","/exam-logos/official-v1/79bea5608067e790c3a8d0f3.webp"
"xat","XAT","active","Entrance","Management","MBA/PGDM","PG","1","official_source_reviewed","/exam-logos/official-v1/e362111f676ac0bc28b7e7ce.webp"
"xgmt","Xavier General Management Aptitude Test","active","Entrance","Management","Multiple Courses","PG","1","official_source_reviewed","/exam-logos/official-v1/dbfa1aa6eb27d3128d6656b5.webp"
"xic-oet","Xavier Institute of Communications' Online Entrance Test","active","Entrance","Management | Arts","Multiple Courses","UG | PG","1","official_source_reviewed","/exam-logos/official-v1/0e208c1c3599d27133fd4042.webp"
